do $$
declare
    -- DOMAINS
    hr_id uuid;
    clinical_id uuid;
    proteomics_id uuid;
    manufacturing_id uuid;

    -- DATA PRODUCT TYPES
    processing_type_id uuid;
    reporting_type_id uuid;
    exploration_type_id uuid;
    ingestion_type_id uuid;
    machine_learning_type_id uuid;
    analytics_type_id uuid;

    -- USERS
    alice_id uuid;
    bob_id uuid;
    jane_id uuid;
    john_id uuid;

    -- DATA PRODUCTS
    rnd_program_pipeline_id uuid;
    ai_model_histology_images_id uuid;
    demand_forecast_id uuid;
    prediction_model_id uuid;

    -- DATASETS
    histology_rnd_dataset_id uuid;
    histology_clinical_dataset_id uuid;
    drug_pipeline_dataset_id uuid;
    demand_forecast_dataset_id uuid;
    proteomics_dataset_id uuid;

    month_offset integer;
    day_offset integer;

    -- PLATFORMS
    returned_platform_id uuid;
    s3_service_id uuid;
    glue_service_id uuid;
    returned_environment_id_dev uuid;
    returned_environment_id_prd uuid;
    databricks_id uuid;
    databricks_service_id uuid;
    snowflake_id uuid;
    snowflake_service_id uuid;
    redshift_service_id uuid;

    -- DATA OUTPUTS
    glue_configuration_id uuid;
    glue_data_output_id uuid;
    databricks_configuration_id uuid;
    databricks_data_output_id uuid;

    product_owner_id uuid;
    admin_role_id uuid;
    product_member_id uuid;
    dataset_owner_id uuid;
begin
    TRUNCATE TABLE public.data_products_datasets CASCADE;
    TRUNCATE TABLE public.datasets CASCADE;
    TRUNCATE TABLE public.data_products CASCADE;
    TRUNCATE TABLE public.data_product_types CASCADE;
    TRUNCATE TABLE public.domains CASCADE;
    TRUNCATE TABLE public.tags CASCADE;
    TRUNCATE TABLE public.roles CASCADE;
    TRUNCATE TABLE public.role_assignments_global CASCADE;
    TRUNCATE TABLE public.role_assignments_data_product CASCADE;
    TRUNCATE TABLE public.role_assignments_dataset CASCADE;

    -- PLATFORMS
    SELECT id FROM public.platforms WHERE name = 'AWS' INTO returned_platform_id;
    SELECT id FROM public.platform_services WHERE platform_id = returned_platform_id AND name = 'S3' INTO s3_service_id;
    SELECT id FROM public.platform_services WHERE platform_id = returned_platform_id AND name = 'Glue' INTO glue_service_id;

    -- ...existing platform configuration code...
    INSERT INTO public.platforms (id, "name") VALUES ('9be7613c-42fb-4b93-952d-1874ed1ddf77', 'Snowflake') returning id INTO snowflake_id;
    INSERT INTO public.platforms (id, "name") VALUES ('6be7613c-42fb-4b93-952d-1874ed1ddf76', 'Conveyor');
    INSERT INTO public.platform_services (id, "name", platform_id, result_string_template, technical_info_template) VALUES ('a75189c1-fa42-4980-9497-4bea4c968a5b', 'Snowflake', snowflake_id, '{database}.{schema}.{table}', '{database}.{schema}.{table}') returning id INTO snowflake_service_id;
    INSERT INTO public.platform_services (id, "name", platform_id, result_string_template, technical_info_template) VALUES ('de328223-fd90-4170-a7a1-376e4ebe0594', 'Redshift', returned_platform_id,'{database}__{schema}.{table}', '{database}__{schema}.{table}') returning id INTO redshift_service_id;
    INSERT INTO public.platforms (id, "name") VALUES ('baa5c47b-805a-4cbb-ad8b-038c66e81b7e', 'Databricks') returning id INTO databricks_id;
    INSERT INTO public.platform_services (id, "name", platform_id, result_string_template, technical_info_template) VALUES ('ce208413-b629-44d2-9f98-e5b47a315a56', 'Databricks', databricks_id, '{catalog}.{schema}.{table}', '{catalog}.{schema}.{table}') returning id INTO databricks_service_id;

    INSERT INTO public.platform_service_configs (id, platform_id, service_id, "config", created_on, updated_on, deleted_at) VALUES('6bd82fd6-9a23-4517-a07c-9110d83ab38f', returned_platform_id, s3_service_id, '["datalake","ingress","egress"]', timezone('utc'::text, CURRENT_TIMESTAMP), NULL, NULL);
    INSERT INTO public.platform_service_configs (id, platform_id, service_id, "config", created_on, updated_on, deleted_at) VALUES('fa026b3a-7a17-4c32-b279-995af021f6c2', returned_platform_id, glue_service_id, '["clean","master"]', timezone('utc'::text, CURRENT_TIMESTAMP), NULL, NULL);
    INSERT INTO public.platform_service_configs (id, platform_id, service_id, "config", created_on, updated_on, deleted_at) VALUES('0b9a0e7f-8fee-4fd3-97e0-830e1612b77a', databricks_id, databricks_service_id, '["clean","master"]', timezone('utc'::text, CURRENT_TIMESTAMP), NULL, NULL);

    INSERT INTO public.data_product_types (id, "name", description, icon_key, created_on, updated_on, deleted_at) VALUES ('90ab1128-329f-47dd-9420-c9681bfc68c4', 'Processing', 'Processing', 'PROCESSING', timezone('utc'::text, CURRENT_TIMESTAMP), NULL, NULL) returning id INTO processing_type_id;
    INSERT INTO public.data_product_types (id, "name", description, icon_key, created_on, updated_on, deleted_at) VALUES ('1b4a64b3-96fb-404c-a73c-294802dc9852', 'Reporting', 'Reporting', 'REPORTING', timezone('utc'::text, CURRENT_TIMESTAMP), NULL, NULL) returning id INTO reporting_type_id;
    INSERT INTO public.data_product_types (id, "name", description, icon_key, created_on, updated_on, deleted_at) VALUES ('74b13338-aa85-4552-8ccb-7d51550c67de', 'Exploration', 'Exploration', 'EXPLORATION', timezone('utc'::text, CURRENT_TIMESTAMP), NULL, NULL) returning id INTO exploration_type_id;
    INSERT INTO public.data_product_types (id, "name", description, icon_key, created_on, updated_on, deleted_at) VALUES ('c25cf2c2-418a-4d1d-a975-c6af61161546', 'Ingestion', 'Ingestion', 'INGESTION', timezone('utc'::text, CURRENT_TIMESTAMP), NULL, NULL) returning id INTO ingestion_type_id;
    INSERT INTO public.data_product_types (id, "name", description, icon_key, created_on, updated_on, deleted_at) VALUES ('f1672c38-ad1a-401a-8dd3-e0b026ab1416', 'Machine Learning', 'Machine Learning', 'MACHINE_LEARNING', timezone('utc'::text, CURRENT_TIMESTAMP), NULL, NULL) returning id INTO machine_learning_type_id;
    INSERT INTO public.data_product_types (id, "name", description, icon_key, created_on, updated_on, deleted_at) VALUES ('3c289333-2d55-4aed-8bd5-85015a1567fe', 'Analytics', 'Analytics', 'ANALYTICS', timezone('utc'::text, CURRENT_TIMESTAMP), NULL, NULL) returning id INTO analytics_type_id;

    -- ...existing platform service configs...
    INSERT INTO public.roles (id, name, scope, prototype, description, permissions, created_on, updated_on, deleted_at) VALUES ('f80c101c-345c-4d5b-9524-57c55bd12d2d', 'Everyone', 'global', 1, 'This is the role that is used as fallback for users that don''t have another role', ARRAY [102, 103, 104, 105], timezone('utc'::text, CURRENT_TIMESTAMP + INTERVAL '1 seconds'), NULL, NULL);
    INSERT INTO public.roles (id, name, scope, prototype, description, permissions, created_on, updated_on, deleted_at) VALUES ('e43b6f7a-e776-49b2-9b51-117d8644d971', 'Owner', 'data_product', 2, 'The owner of a Data Product', ARRAY [301, 302, 304, 305, 306, 307, 308, 309, 310, 311, 313, 314, 315], timezone('utc'::text, CURRENT_TIMESTAMP), NULL, NULL) returning id into product_owner_id;
    INSERT INTO public.roles (id, name, scope, prototype, description, permissions, created_on, updated_on, deleted_at) VALUES ('18e67286-92aa-449a-ba46-ac26eb0de21d', 'Solution Architect', 'data_product', 0, 'The Solution Architect for a Data Product', ARRAY [303, 309, 310, 311, 312, 313, 314], timezone('utc'::text, CURRENT_TIMESTAMP + INTERVAL '1 seconds'), NULL, NULL);
    INSERT INTO public.roles (id, name, scope, prototype, description, permissions, created_on, updated_on, deleted_at) VALUES ('9ca3bfdd-2919-4190-a8bb-55e9ee7d70dd', 'Member', 'data_product', 0, 'A regular team member of a Data Product', ARRAY [313, 314, 315], timezone('utc'::text, CURRENT_TIMESTAMP + INTERVAL '2 seconds'), NULL, NULL) returning id into product_member_id;
    INSERT INTO public.roles (id, name, scope, prototype, description, permissions, created_on, updated_on, deleted_at) VALUES ('9a9d7deb-14d9-4257-a986-7900aa70ef8f', 'Owner', 'dataset', 2, 'The owner of a Dataset', ARRAY [401, 402, 404, 405, 406, 407, 408, 411, 412, 413], timezone('utc'::text, CURRENT_TIMESTAMP), NULL, NULL) returning id into dataset_owner_id;
    INSERT INTO public.roles (id, name, scope, prototype, description, permissions, created_on, updated_on, deleted_at) VALUES ('2ae1b4e3-5b13-491a-912b-984e2e90b858', 'Solution Architect', 'dataset', 0, 'The Solution Architect for a Dataset', ARRAY [403, 409, 410], timezone('utc'::text, CURRENT_TIMESTAMP + INTERVAL '1 seconds'), NULL, NULL);
    INSERT INTO public.roles (id, name, scope, prototype, description, permissions, created_on, updated_on, deleted_at) VALUES ('db8d7a76-c50b-4e95-8549-8da86f48e7c2', 'Member', 'dataset', 0, 'A regular team member of a Dataset', ARRAY [413], timezone('utc'::text, CURRENT_TIMESTAMP + INTERVAL '2 seconds'), NULL, NULL);
    INSERT INTO public.roles (id, name, scope, prototype, description, permissions, created_on, updated_on, deleted_at)
    VALUES
        ('00000000-0000-0000-0000-000000000000', 'Admin', 'global', 3, 'Global admin role', ARRAY[]::integer[], timezone('utc'::text, CURRENT_TIMESTAMP), NULL, NULL)
    RETURNING id INTO admin_role_id;

    -- ENVIRONMENTS
    INSERT INTO public.environments ("name", context, acronym, is_default, created_on, updated_on, deleted_at) VALUES ('development', 'arn:aws:iam::{{ AWS_ACCOUNT_ID }}:role/{{ AWS_ROLE_WITH_CONTEXT_TEMPLATE_DEV }}', 'dev', true, timezone('utc'::text, CURRENT_TIMESTAMP), NULL, NULL) returning id INTO returned_environment_id_dev;
    INSERT INTO public.environments ("name", context, acronym, is_default, created_on, updated_on, deleted_at) VALUES ('production', 'arn:aws:iam::{{ AWS_ACCOUNT_ID }}:role/{{ AWS_ROLE_WITH_CONTEXT_TEMPLATE_PRD }}', 'prd', false, timezone('utc'::text, CURRENT_TIMESTAMP), NULL, NULL) returning id INTO returned_environment_id_prd;

    INSERT INTO public.env_platform_configs (id, environment_id, platform_id, "config", created_on, updated_on, deleted_at) VALUES ('daa8e3e8-1485-4eb2-8b4b-575e8d10a570', returned_environment_id_dev, returned_platform_id, '{"account_id": "{{ AWS_ACCOUNT_ID }}", "region": "{{ AWS_REGION }}", "can_read_from": ["production"]}', timezone('utc'::text, CURRENT_TIMESTAMP), NULL, NULL);
    INSERT INTO public.env_platform_configs (id, environment_id, platform_id, "config", created_on, updated_on, deleted_at) VALUES ('e2aa2f6d-585f-4b43-8ea4-982b7bab0142', returned_environment_id_prd, returned_platform_id, '{"account_id": "{{ AWS_ACCOUNT_ID }}", "region": "{{ AWS_REGION }}", "can_read_from": []}', timezone('utc'::text, CURRENT_TIMESTAMP), NULL, NULL);
    INSERT INTO public.env_platform_service_configs (id, environment_id, platform_id, service_id, "config", created_on, updated_on, deleted_at) VALUES('93f4b677-5ae8-450d-91a6-e15196b2e774', returned_environment_id_dev, returned_platform_id, s3_service_id, '[{"identifier":"datalake","bucket_name":"{{ DATALAKE_BUCKET_NAME_DEV }}","bucket_arn":"{{ DATALAKE_BUCKET_ARN_DEV }}","kms_key_arn":"{{ DATALAKE_BUCKET_KMS_ARN_DEV }}","is_default":true},{"identifier":"ingress","bucket_name":"{{ INGRESS_BUCKET_NAME_DEV }}","bucket_arn":"{{ INGRESS_BUCKET_ARN_DEV }}","kms_key_arn":"{{ INGRESS_BUCKET_KMS_ARN_DEV }}","is_default":false},{"identifier":"egress","bucket_name":"{{ EGRESS_BUCKET_NAME_DEV }}","bucket_arn":"{{ EGRESS_BUCKET_ARN_DEV }}","kms_key_arn":"{{ EGRESS_BUCKET_KMS_ARN_DEV }}","is_default":false}]', timezone('utc'::text, CURRENT_TIMESTAMP), NULL, NULL);
    INSERT INTO public.env_platform_service_configs (id, environment_id, platform_id, service_id, "config", created_on, updated_on, deleted_at) VALUES('9c1d025c-f342-4665-8461-ba8b9f4035ff', returned_environment_id_prd, returned_platform_id, s3_service_id, '[{"identifier":"datalake","bucket_name":"{{ DATALAKE_BUCKET_NAME_PRD }}","bucket_arn":"{{ DATALAKE_BUCKET_ARN_PRD }}","kms_key_arn":"{{ DATALAKE_BUCKET_KMS_ARN_PRD }}","is_default":true},{"identifier":"ingress","bucket_name":"{{ INGRESS_BUCKET_NAME_PRD }}","bucket_arn":"{{ INGRESS_BUCKET_ARN_PRD }}","kms_key_arn":"{{ INGRESS_BUCKET_KMS_ARN_PRD }}","is_default":false},{"identifier":"egress","bucket_name":"{{ EGRESS_BUCKET_NAME_PRD }}","bucket_arn":"{{ EGRESS_BUCKET_ARN_PRD }}","kms_key_arn":"{{ EGRESS_BUCKET_KMS_ARN_PRD }}","is_default":false}]', timezone('utc'::text, CURRENT_TIMESTAMP), NULL, NULL);

    INSERT INTO public.env_platform_service_configs (id, environment_id, platform_id, service_id, "config", created_on, updated_on, deleted_at) VALUES('1c52b0e5-961f-412a-995e-0c1efae19f41', returned_environment_id_dev, returned_platform_id, glue_service_id, '[{"identifier":"clean_test","database_name":"clean_test_dev","bucket_identifier":"datalake","s3_path":"clean/test"},{"identifier":"master_test","database_name":"master_test_dev","bucket_identifier":"datalake","s3_path":"master/test"}]', timezone('utc'::text, CURRENT_TIMESTAMP), NULL, NULL);
    INSERT INTO public.env_platform_service_configs (id, environment_id, platform_id, service_id, "config", created_on, updated_on, deleted_at) VALUES('ba42ca59-ab5d-498e-8cd0-cdd680f80bb0', returned_environment_id_prd, returned_platform_id, glue_service_id, '[{"identifier":"clean_test","database_name":"clean_test_prd","bucket_identifier":"datalake","s3_path":"clean/test"},{"identifier":"master_test","database_name":"master_test_prd","bucket_identifier":"datalake","s3_path":"master/test"}]', timezone('utc'::text, CURRENT_TIMESTAMP), NULL, NULL);

    -- DOMAINS
    INSERT INTO public.domains (id, "name", description, created_on, updated_on, deleted_at) VALUES ('672debaf-31f9-4233-820b-ad2165af044e', 'HR', 'Human Resources', timezone('utc'::text, CURRENT_TIMESTAMP), NULL, NULL) returning id INTO hr_id;
    INSERT INTO public.domains (id, "name", description, created_on, updated_on, deleted_at) VALUES ('bd09093e-14ff-41c1-b74d-7c2ce9821d1c', 'Clinical', 'Clinical Research and Development', timezone('utc'::text, CURRENT_TIMESTAMP), NULL, NULL) returning id INTO clinical_id;
    INSERT INTO public.domains (id, "name", description, created_on, updated_on, deleted_at) VALUES ('7d9ec9fd-89cf-477e-b077-4c8d1a3ce3cc', 'Proteomics', 'Proteomics and Biomarker Discovery', timezone('utc'::text, CURRENT_TIMESTAMP), NULL, NULL) returning id INTO proteomics_id;
    INSERT INTO public.domains (id, "name", description, created_on, updated_on, deleted_at) VALUES ('623e6fbf-3a06-434e-995c-b0336e71806e', 'Manufacturing', 'Manufacturing and Supply Chain', timezone('utc'::text, CURRENT_TIMESTAMP), NULL, NULL) returning id INTO manufacturing_id;
    INSERT INTO public.domains (id, name, description, created_on, updated_on, deleted_at) VALUES ('bec196cb-81df-4cfc-959f-b142c312861e', 'Medical and Safety', 'Medical and Safety', '2025-10-28 16:30:24.123498', NULL, NULL);
    INSERT INTO public.domains (id, name, description, created_on, updated_on, deleted_at) VALUES ('acaaaafe-cde9-4746-9835-f1e0c3c85b6c', 'CRM', 'Commercial and CRM', '2025-10-28 16:30:41.743083', NULL, NULL);

    -- DATA PRODUCT TYPES
    -- ...existing data product types code...

    -- USERS
    INSERT INTO public.users (email, id, external_id, first_name, last_name, created_on, updated_on, deleted_at) VALUES ('alice.baker@pharma.com', 'a02d3714-97e3-40d8-92b7-3b018fd1229f', 'alice.baker@pharma.com', 'Alice', 'Baker', timezone('utc'::text, CURRENT_TIMESTAMP), NULL, NULL) returning id INTO alice_id;
    INSERT INTO public.users (email, id, external_id, first_name, last_name, created_on, updated_on, deleted_at) VALUES ('bob.johnson@pharma.com', '35f2dd11-3119-4eb3-8f19-01b323131221', 'bob.johnson@pharma.com', 'Bob', 'Johnson', timezone('utc'::text, CURRENT_TIMESTAMP), NULL, NULL) returning id INTO bob_id;
    INSERT INTO public.users (email, id, external_id, first_name, last_name, created_on, updated_on, deleted_at) VALUES ('jane.researcher@pharma.com', 'd9f3aae2-391e-46c1-aec6-a7ae1114a7da', 'jane.researcher@pharma.com', 'Jane', 'Researcher', timezone('utc'::text, CURRENT_TIMESTAMP), NULL, NULL) returning id INTO jane_id;
    INSERT INTO public.users (email, id, external_id, first_name, last_name, created_on, updated_on, deleted_at) VALUES ('john.scientist@pharma.com', 'b72fca38-17ff-4259-a075-5aaa5973343c', 'john.scientist@pharma.com', 'John', 'Scientist', timezone('utc'::text, CURRENT_TIMESTAMP), NULL, NULL) returning id INTO john_id;

    -- ROLES
    -- ...existing roles code...

    -- DATA PRODUCTS
    INSERT INTO public.data_products (id, "name", namespace, description, about, status, type_id, domain_id, created_on, updated_on, deleted_at) VALUES ('9e76db57-a057-447d-9b6d-f3ecad35f775', 'R&D Program Pipeline', 'portal-rdprogram', 'Manage and track R&D programs and drug pipeline', '<h2>R&D Program Pipeline</h2><p></p><p>This data product aims to streamline the management and tracking of R&D programs and drug pipeline. It provides a centralized platform for monitoring the progress of drug candidates from discovery to clinical trials.</p><p></p><p><strong>Key objectives include:</strong></p><ul><li>Centralized management of R&D programs</li><li>Real-time tracking of drug pipeline progress</li><li>Enhanced collaboration among stakeholders</li></ul>', 'ACTIVE', exploration_type_id, clinical_id, timezone('utc'::text, CURRENT_TIMESTAMP), NULL, NULL) returning id INTO rnd_program_pipeline_id;
    INSERT INTO public.data_products (id, "name", namespace, description, about, status, type_id, domain_id, created_on, updated_on, deleted_at) VALUES ('e811a336-48ec-423f-ba6b-f9d0465c305f', 'AI Model for Histology Images', 'portal-aimodel', 'Develop AI models for analyzing histology images', '<h2>AI Model for Histology Images</h2><p></p><p>This data product aims to develop cutting-edge AI models for analyzing histology images. By leveraging deep learning techniques, we strive to automate the analysis of histology slides, enabling faster and more accurate diagnosis and research.</p><p></p><p><strong>Primary targets include:</strong></p><ul><li>Automation of histology slide analysis</li><li>Improvement in diagnostic speed and accuracy</li><li>Facilitation of research through AI-driven insights</li></ul>', 'ACTIVE', analytics_type_id, proteomics_id, timezone('utc'::text, CURRENT_TIMESTAMP), NULL, NULL) returning id INTO ai_model_histology_images_id;
    INSERT INTO public.data_products (id, "name", namespace, description, about, status, type_id, domain_id, created_on, updated_on, deleted_at) VALUES ('10e11a46-5062-4847-8622-a621aa0fcd14', 'Demand and Forecast', 'portal-demandandforecast', 'Develop models for demand forecasting and planning', '<h2>Demand and Forecast</h2><p></p><p>This data product focuses on developing advanced models for demand forecastingand planning. By leveraging historical data and machine learning techniques, we aim to improve the accuracy of demand predictions and optimize inventory management.</p><p></p><p><strong>Core goals are:</strong></p><ul><li>Predictive modeling for accurate demand forecasting</li><li>Optimization of inventory levels and supply chain efficiency</li><li>Integration of machine learning for improved prediction accuracy</li></ul>', 'ACTIVE', ingestion_type_id, proteomics_id, timezone('utc'::text, CURRENT_TIMESTAMP), NULL, NULL) returning id INTO demand_forecast_id;
    INSERT INTO public.data_products (id, "name", namespace, description, about, status, type_id, domain_id, created_on, updated_on, deleted_at) VALUES ('b76ccd64-6725-4969-9393-c2f492602cc5', 'Prediction Model', 'portal-prediction', 'Develop predictive models for various business areas', '<h2>Prediction Model</h2><p></p><p>This data product focuses on developing predictive models for various businessareas, such as clinical trials, manufacturing, and commercial operations. By leveraging advanced analytics and machine learning, we aim to improve decision-making and optimize processes across the organization.</p><p></p><p><strong>Strategic aims are:</strong></p><ul><li>Development of predictive models for key business areas</li><li>Enhancement of operational efficiency through data-driven decisions</li><li>Support for strategic planning and risk management</li></ul>', 'PENDING', machine_learning_type_id, clinical_id, timezone('utc'::text, CURRENT_TIMESTAMP), NULL, NULL) returning id INTO prediction_model_id;

    -- extra products
    INSERT INTO public.data_products (id, name, namespace, description, about, status, type_id, domain_id, created_on, updated_on, deleted_at, lifecycle_id, usage) VALUES ('81815c4c-f323-4cf1-b25b-f43f231f510f', 'Biomarker discovery', 'biomarker-discovery', 'Helps researchers identify molecular signatures linked to disease progression or drug response.
    It accelerates translational research by combining omics data with clinical outcomes for biomarker validation.', NULL, 'ACTIVE', '74b13338-aa85-4552-8ccb-7d51550c67de', '7d9ec9fd-89cf-477e-b077-4c8d1a3ce3cc', '2025-10-28 16:32:57.885052', NULL, NULL, '00000000-0000-0000-0000-000000000001', NULL);
    INSERT INTO public.data_products (id, name, namespace, description, about, status, type_id, domain_id, created_on, updated_on, deleted_at, lifecycle_id, usage) VALUES ('6e580d91-14ea-495e-a6d7-5db236a5c1d5', 'Clinical trial performance', 'clinical-trial-performance', 'Monitors progress, enrollment, and site efficiency for ongoing studies.
    It provides near–real-time visibility for clinical operations teams.', NULL, 'ACTIVE', '1b4a64b3-96fb-404c-a73c-294802dc9852', 'bd09093e-14ff-41c1-b74d-7c2ce9821d1c', '2025-10-28 16:37:39.892932', NULL, NULL, '00000000-0000-0000-0000-000000000001', NULL);
    INSERT INTO public.data_products (id, name, namespace, description, about, status, type_id, domain_id, created_on, updated_on, deleted_at, lifecycle_id, usage) VALUES ('9fa5e299-fcc4-45e0-b48d-cc3deb68eefe', 'Clinical data quality monitor', 'clinical-data-quality-monitor', 'Automates validation and consistency checks for clinical data.
    It ensures data integrity for regulatory submissions.', NULL, 'ACTIVE', '3c289333-2d55-4aed-8bd5-85015a1567fe', 'bd09093e-14ff-41c1-b74d-7c2ce9821d1c', '2025-10-28 17:56:19.863257', NULL, NULL, '00000000-0000-0000-0000-000000000001', NULL);
    INSERT INTO public.data_products (id, name, namespace, description, about, status, type_id, domain_id, created_on, updated_on, deleted_at, lifecycle_id, usage) VALUES ('fbcd7899-2763-4659-bd28-2a278910ef85', 'Regulatory submission tracker', 'regulatory-submission-tracker', 'Centralizes documentation and timelines for regulatory filings.
    It helps teams maintain compliance and track submission readiness.', NULL, 'ACTIVE', '1b4a64b3-96fb-404c-a73c-294802dc9852', 'bd09093e-14ff-41c1-b74d-7c2ce9821d1c', '2025-10-28 17:59:19.849564', NULL, NULL, '00000000-0000-0000-0000-000000000001', NULL);
    INSERT INTO public.data_products (id, name, namespace, description, about, status, type_id, domain_id, created_on, updated_on, deleted_at, lifecycle_id, usage) VALUES ('08039e5d-50a7-447a-b691-f5dc6b420dea', 'Safety Signal Detection System', 'safety-signal-detection-system', 'Detects early signs of drug-related adverse effects from trial and post-market data.
    It supports pharmacovigilance and regulatory risk management.', NULL, 'ACTIVE', '90ab1128-329f-47dd-9420-c9681bfc68c4', 'bec196cb-81df-4cfc-959f-b142c312861e', '2025-10-28 18:01:54.329016', NULL, NULL, '00000000-0000-0000-0000-000000000001', NULL);
    INSERT INTO public.data_products (id, name, namespace, description, about, status, type_id, domain_id, created_on, updated_on, deleted_at, lifecycle_id, usage) VALUES ('625b65b6-13d9-4c8c-a669-865e36fc3dfc', 'Drug Supply Chain Optimization', 'drug-supply-chain-optimization', 'Forecasts and manages inventory to avoid clinical supply shortages.
    It balances manufacturing throughput with site-level demand.', NULL, 'ACTIVE', 'f1672c38-ad1a-401a-8dd3-e0b026ab1416', '623e6fbf-3a06-434e-995c-b0336e71806e', '2025-10-28 18:05:44.182871', NULL, NULL, '00000000-0000-0000-0000-000000000001', NULL);
    INSERT INTO public.data_products (id, name, namespace, description, about, status, type_id, domain_id, created_on, updated_on, deleted_at, lifecycle_id, usage) VALUES ('22488fe0-c30a-4447-972e-3eb22a1bd266', 'Customer intelligence platform', 'customer-intelligence-platform', 'Unifies healthcare professional and institutional engagement data.
    It supports more targeted and compliant outreach strategies.', NULL, 'ACTIVE', '1b4a64b3-96fb-404c-a73c-294802dc9852', 'acaaaafe-cde9-4746-9835-f1e0c3c85b6c', '2025-10-28 18:09:11.673609', NULL, NULL, '00000000-0000-0000-0000-000000000001', NULL);
    INSERT INTO public.data_products (id, name, namespace, description, about, status, type_id, domain_id, created_on, updated_on, deleted_at, lifecycle_id, usage) VALUES ('90e65438-a942-43e0-a4a9-ee406b92df65', 'Enterprise knowledge graph', 'enterprise-knowledge-graph', 'Connects data entities (people, trials, compounds, documents) across all domains.
    It enables semantic search and contextual discovery within the organization.', NULL, 'ACTIVE', 'f1672c38-ad1a-401a-8dd3-e0b026ab1416', 'bd09093e-14ff-41c1-b74d-7c2ce9821d1c', '2025-10-28 18:11:47.494295', NULL, NULL, '00000000-0000-0000-0000-000000000001', NULL);
    INSERT INTO public.data_products (id, name, namespace, description, about, status, type_id, domain_id, created_on, updated_on, deleted_at, lifecycle_id, usage) VALUES ('68b28e38-3faa-45ca-9d00-3830d0a7b108', 'Employee productivity', 'employee-productivity', 'Measures how teams collaborate and deliver projects.
    It identifies factors influencing productivity and engagement.', NULL, 'ACTIVE', '1b4a64b3-96fb-404c-a73c-294802dc9852', '672debaf-31f9-4233-820b-ad2165af044e', '2025-10-28 18:14:07.371512', NULL, NULL, '00000000-0000-0000-0000-000000000001', NULL);
    INSERT INTO public.data_products (id, name, namespace, description, about, status, type_id, domain_id, created_on, updated_on, deleted_at, lifecycle_id, usage) VALUES ('97af957a-70c4-465d-95f2-f70c11af8da0', 'DEI Insights Dashboard', 'dei-insights-dashboard', 'Monitors diversity, equity, and inclusion metrics across the organization.
    It ensures transparency and compliance with internal and external reporting standards.', NULL, 'ACTIVE', '1b4a64b3-96fb-404c-a73c-294802dc9852', '672debaf-31f9-4233-820b-ad2165af044e', '2025-10-28 18:16:50.70893', NULL, NULL, '00000000-0000-0000-0000-000000000001', NULL);
    INSERT INTO public.data_products (id, name, namespace, description, about, status, type_id, domain_id, created_on, updated_on, deleted_at, lifecycle_id, usage) VALUES ('86b74246-734f-4cea-a984-3dd0d27fc565', 'Sales performance model', 'sales-performance-model', 'Evaluates sales productivity and regional performance.
    It enables resource re-allocation and forecasting improvements.', NULL, 'ACTIVE', '90ab1128-329f-47dd-9420-c9681bfc68c4', 'acaaaafe-cde9-4746-9835-f1e0c3c85b6c', '2025-10-28 18:19:20.450469', NULL, NULL, '00000000-0000-0000-0000-000000000001', NULL);
    INSERT INTO public.data_products (id, name, namespace, description, about, status, type_id, domain_id, created_on, updated_on, deleted_at, lifecycle_id, usage) VALUES ('58b837a5-33d0-41cf-bf95-eb9af846f4d0', 'Patient Stratification Engine', 'patient-stratification-engine', 'Identifies patient subgroups most likely to respond to therapies.
    It improves trial design and treatment personalization.', NULL, 'ACTIVE', '90ab1128-329f-47dd-9420-c9681bfc68c4', 'bd09093e-14ff-41c1-b74d-7c2ce9821d1c', '2025-10-28 18:29:24.833167', NULL, NULL, '00000000-0000-0000-0000-000000000001', NULL);
    INSERT INTO public.data_products (id, name, namespace, description, about, status, type_id, domain_id, created_on, updated_on, deleted_at, lifecycle_id, usage) VALUES ('ccdc13fa-4a1a-4dde-ad1c-efa0d58eafb7', 'R&D Portfolio Prioritization Model', 'rd-portfolio-prioritization-model', 'Ranks R&D projects based on scientific potential, ROI, and strategic fit.
    It provides leadership with an objective decision framework for resource allocation.', NULL, 'ACTIVE', 'f1672c38-ad1a-401a-8dd3-e0b026ab1416', 'bd09093e-14ff-41c1-b74d-7c2ce9821d1c', '2025-10-28 18:34:32.308251', NULL, NULL, '00000000-0000-0000-0000-000000000001', NULL);

    -- DATASETS
    INSERT INTO public.datasets (id, namespace, data_product_id, "name", description, about, status, access_type, domain_id, created_on, updated_on, deleted_at) VALUES ('bdad0dec-19e6-4c85-a655-0960ca3a484c', 'histology_rnd_dataset', ai_model_histology_images_id, 'Histology RnD Data', 'Histology data from R&D experiments', '<h2>Histology RnD Data</h2><p></p><p>This dataset contains histology data from R&D experiments,including images of tissue samples, clinical data, and experimental results. The data is used for research and development purposes, such as biomarker discovery and drug development. <p></p><p><strong>Key features include:</strong></p><ul><li>Images of tissue samples from clinical trials</li><li>Clinical data and patient information</li><li>Experimental results and analysis</li></ul>', 'ACTIVE', 'RESTRICTED', proteomics_id, timezone('utc'::text, CURRENT_TIMESTAMP), NULL, NULL) returning id INTO histology_rnd_dataset_id;
    INSERT INTO public.datasets (id, namespace, data_product_id, "name", description, about, status, access_type, domain_id, created_on, updated_on, deleted_at) VALUES ('dfbedc22-8295-4b35-a0fe-6b06c12adfde', 'histology_clinical_dataset', ai_model_histology_images_id, 'Histology Clinical Data', 'Histology data from clinical trials', '<h2>Histology Clinical Data</h2><p></p><p>This dataset contains histology data from clinical trials,including images of tissue samples, clinical data, and experimental results. The data is used for research and development purposes, such as biomarker discovery and drug development.</p><p></p><p><strong>Key features include:</strong></p><ul><li>Images of tissue samples from clinical trials</li><li>Clinical data and patient information</li><li>Experimental results and analysis</li></ul>', 'ACTIVE', 'PUBLIC', clinical_id, timezone('utc'::text, CURRENT_TIMESTAMP), NULL, NULL) returning id INTO histology_clinical_dataset_id;
    INSERT INTO public.datasets (id, namespace, data_product_id, "name", description, about, status, access_type, domain_id, created_on, updated_on, deleted_at) VALUES ('5abfe489-8b84-4843-9582-84fbbc019556', 'drug_pipeline_dataset', rnd_program_pipeline_id, 'Drug Pipeline Data', 'Data related to drug pipeline and development', '<h2>Drug Pipeline Data</h2><p></p><p>This dataset contains data related to drug pipeline and development,including information on drug candidates, clinical trials, and regulatory requirements. The data is used for research and development purposes, such as monitoring the progress of drug candidates and optimizing clinical trials.</p><p></p><p><strong>Key features include:</strong></p><ul><li><p>Information on drug candidates and development stages</p></li><li><p>Clinical trial data and results</p></li><li><p>Regulatory requirements and compliance</p></li></ul>', 'PENDING', 'RESTRICTED', manufacturing_id, timezone('utc'::text, CURRENT_TIMESTAMP), NULL, NULL) returning id INTO drug_pipeline_dataset_id;
    INSERT INTO public.datasets (id, namespace, data_product_id, "name", description, about, status, access_type, domain_id, created_on, updated_on, deleted_at) VALUES ('1b5f0d56-0699-42ce-a407-f47df844b0e2', 'demand_forecast_dataset', ai_model_histology_images_id, 'Demand Forecast Data', 'Historical data for demand forecasting', '<h2>Demand Forecast Data</h2><p></p><p>This dataset contains historical data for demand forecasting,including sales data, market trends, and customer behavior. The data is used for research and development purposes, such as developing models for demand forecasting and planning.</p><p></p><p><strong>Essential components are:</strong></p><ul><li>Sales figures across different markets</li><li>Analysis of consumer purchasing patterns</li><li>Insights into emerging market trends</li></ul>', 'ACTIVE', 'PUBLIC', clinical_id, timezone('utc'::text, CURRENT_TIMESTAMP), NULL, NULL) returning id INTO demand_forecast_dataset_id;
    INSERT INTO public.datasets (id, namespace, data_product_id, "name", description, about, status, access_type, domain_id, created_on, updated_on, deleted_at) VALUES ('ae895c51-3c32-49b9-bd54-2fa4e04c6cc8', 'proteomics_dataset', prediction_model_id, 'Proteomics Data', 'Proteomics data for biomarker discovery', '<h2>Proteomics Data</h2><p></p><p>This dataset contains proteomics data for biomarker discovery, including protein expression data, mass spectrometry results, and clinical data. The data is used for research and development purposes, such as identifying biomarkers for disease diagnosis and treatment.</p><p></p><p><strong>Important elements include:</strong></p><ol><li>Quantitative protein expression levels</li><li>Mass spectrometry data for protein identification</li><li>Clinical correlations for biomarker validation</li></ol>', 'PENDING', 'PUBLIC', hr_id, timezone('utc'::text, CURRENT_TIMESTAMP), NULL, NULL) returning id INTO proteomics_dataset_id;

    -- extra datasets
    INSERT INTO public.datasets (id, namespace, name, description, about, status, access_type, domain_id, created_on, updated_on, deleted_at, lifecycle_id, usage, data_product_id) VALUES ('0c1e0db2-9fb5-4b7e-98a5-75fc43b642f4', 'biomarker-discovery-output-tables', 'Biomarker Discovery Output Tables', 'CSV export from Neo4j Clinical Knowledge graph. This data can be imported in any Neo4 database by means of a very very long git URL. It can also be used via Python or imported in any other database. Did you know that placing Git URLs in a description makes it very long? These very long descriptions might give issues with the UX so that is why I put it here.', NULL, 'ACTIVE', 'RESTRICTED', '7d9ec9fd-89cf-477e-b077-4c8d1a3ce3cc', '2025-10-28 16:36:34.490179', NULL, NULL, '00000000-0000-0000-0000-000000000001', NULL, '81815c4c-f323-4cf1-b25b-f43f231f510f');
    INSERT INTO public.datasets (id, namespace, name, description, about, status, access_type, domain_id, created_on, updated_on, deleted_at, lifecycle_id, usage, data_product_id) VALUES ('01fec372-0398-477c-b928-d8ce2423d5bb', 'clinical-trial-dashboard', 'Clinical trial dashboard', 'Dashboard showing status and core metrics for our running clinical trials.', NULL, 'ACTIVE', 'PUBLIC', 'bd09093e-14ff-41c1-b74d-7c2ce9821d1c', '2025-10-28 16:41:09.247316', NULL, NULL, '00000000-0000-0000-0000-000000000001', NULL, '6e580d91-14ea-495e-a6d7-5db236a5c1d5');
    INSERT INTO public.datasets (id, namespace, name, description, about, status, access_type, domain_id, created_on, updated_on, deleted_at, lifecycle_id, usage, data_product_id) VALUES ('d7cef1cf-6e81-44b2-bab6-a6d4c85b52e5', 'clinical-data-quality-tables', 'Clinical data quality tables', 'Tables showing the data quality issues in our clinical studies.', NULL, 'ACTIVE', 'PUBLIC', 'bd09093e-14ff-41c1-b74d-7c2ce9821d1c', '2025-10-28 17:58:22.338125', NULL, NULL, '00000000-0000-0000-0000-000000000001', NULL, '9fa5e299-fcc4-45e0-b48d-cc3deb68eefe');
    INSERT INTO public.datasets (id, namespace, name, description, about, status, access_type, domain_id, created_on, updated_on, deleted_at, lifecycle_id, usage, data_product_id) VALUES ('d82a116f-2e70-40ae-94d1-782a0c79ce05', 'regulatory-filing-tables', 'Regulatory filing tables', 'Tables showing the status and changes related to regulatory submissions', NULL, 'ACTIVE', 'PUBLIC', 'bd09093e-14ff-41c1-b74d-7c2ce9821d1c', '2025-10-28 18:01:09.81763', NULL, NULL, '00000000-0000-0000-0000-000000000001', NULL, 'fbcd7899-2763-4659-bd28-2a278910ef85');
    INSERT INTO public.datasets (id, namespace, name, description, about, status, access_type, domain_id, created_on, updated_on, deleted_at, lifecycle_id, usage, data_product_id) VALUES ('a1927636-c1c2-4834-8d0b-05acff4d825e', 'expose-safety-data-on-s3', 'Expose safety data on s3', 'Expose the safety data on S3 to allow early detection of drug related incidents', NULL, 'ACTIVE', 'PUBLIC', 'bec196cb-81df-4cfc-959f-b142c312861e', '2025-10-28 18:04:02.529981', NULL, NULL, '00000000-0000-0000-0000-000000000001', NULL, '08039e5d-50a7-447a-b691-f5dc6b420dea');
    INSERT INTO public.datasets (id, namespace, name, description, about, status, access_type, domain_id, created_on, updated_on, deleted_at, lifecycle_id, usage, data_product_id) VALUES ('d63acbcd-4df3-448f-bbb1-ebd0d2432947', 'drug-supply-data', 'Drug supply data', 'Shows the data used for supply chain optimization', NULL, 'ACTIVE', 'PUBLIC', '623e6fbf-3a06-434e-995c-b0336e71806e', '2025-10-28 18:08:09.720606', NULL, NULL, '00000000-0000-0000-0000-000000000001', NULL, '625b65b6-13d9-4c8c-a669-865e36fc3dfc');
    INSERT INTO public.datasets (id, namespace, name, description, about, status, access_type, domain_id, created_on, updated_on, deleted_at, lifecycle_id, usage, data_product_id) VALUES ('b45839dc-6b58-4eae-9096-9d4eb99e41d4', 'customer-360-view', 'Customer 360 view', 'Show all customer related data to tailor to marketing', NULL, 'ACTIVE', 'PUBLIC', 'acaaaafe-cde9-4746-9835-f1e0c3c85b6c', '2025-10-28 18:10:38.66717', NULL, NULL, '00000000-0000-0000-0000-000000000001', NULL, '22488fe0-c30a-4447-972e-3eb22a1bd266');
    INSERT INTO public.datasets (id, namespace, name, description, about, status, access_type, domain_id, created_on, updated_on, deleted_at, lifecycle_id, usage, data_product_id) VALUES ('34674f53-e20e-4ed2-8f8c-2648b3244c5e', 'knowledge-graph-concepts', 'Knowledge graph concepts', 'Exposes the knowledge within the organisation. Focuses on core concepts within our organisation.', NULL, 'ACTIVE', 'PUBLIC', 'bd09093e-14ff-41c1-b74d-7c2ce9821d1c', '2025-10-28 18:13:20.770844', NULL, NULL, '00000000-0000-0000-0000-000000000001', NULL, '90e65438-a942-43e0-a4a9-ee406b92df65');
    INSERT INTO public.datasets (id, namespace, name, description, about, status, access_type, domain_id, created_on, updated_on, deleted_at, lifecycle_id, usage, data_product_id) VALUES ('6990dc28-fc94-49d4-b01b-17e7e5c55e5b', 'show-employee-performance-in-glue', 'Show employee performance in glue', 'Expose performance of people as well as projects', NULL, 'ACTIVE', 'RESTRICTED', '672debaf-31f9-4233-820b-ad2165af044e', '2025-10-28 18:15:47.64611', NULL, NULL, '00000000-0000-0000-0000-000000000001', NULL, '68b28e38-3faa-45ca-9d00-3830d0a7b108');
    INSERT INTO public.datasets (id, namespace, name, description, about, status, access_type, domain_id, created_on, updated_on, deleted_at, lifecycle_id, usage, data_product_id) VALUES ('3d2fe240-1505-4de6-8302-771d7d157992', 'report-on-enterprise-workforce', 'Report on enterprise workforce', 'Show core information on employee distribution within our organisation', NULL, 'ACTIVE', 'PUBLIC', '672debaf-31f9-4233-820b-ad2165af044e', '2025-10-28 18:18:37.476131', NULL, NULL, '00000000-0000-0000-0000-000000000001', NULL, '97af957a-70c4-465d-95f2-f70c11af8da0');
    INSERT INTO public.datasets (id, namespace, name, description, about, status, access_type, domain_id, created_on, updated_on, deleted_at, lifecycle_id, usage, data_product_id) VALUES ('b8777d07-e042-445e-8965-89f71ddc76f5', 'sales-performance-by-week', 'Sales performance by week', 'Shows our sales information by week.', NULL, 'ACTIVE', 'PUBLIC', 'acaaaafe-cde9-4746-9835-f1e0c3c85b6c', '2025-10-28 18:20:47.895478', NULL, NULL, '00000000-0000-0000-0000-000000000001', NULL, '86b74246-734f-4cea-a984-3dd0d27fc565');
    INSERT INTO public.datasets (id, namespace, name, description, about, status, access_type, domain_id, created_on, updated_on, deleted_at, lifecycle_id, usage, data_product_id) VALUES ('2f645d36-ca49-45d9-97ad-28a5504e86bf', 'expose-patient-stratification-information', 'Expose patient stratification information', 'Combine all the anonymized patient data such that you can cluster them.', NULL, 'ACTIVE', 'PUBLIC', 'bd09093e-14ff-41c1-b74d-7c2ce9821d1c', '2025-10-28 18:32:27.687291', NULL, NULL, '00000000-0000-0000-0000-000000000001', NULL, '58b837a5-33d0-41cf-bf95-eb9af846f4d0');
    INSERT INTO public.datasets (id, namespace, name, description, about, status, access_type, domain_id, created_on, updated_on, deleted_at, lifecycle_id, usage, data_product_id) VALUES ('d10fe76b-d39d-4028-909c-aea3fd8a1405', 'rnd-prioritization-information', 'RnD prioritization information', 'All data required to rank and score the different R&D programs', NULL, 'ACTIVE', 'PUBLIC', 'bd09093e-14ff-41c1-b74d-7c2ce9821d1c', '2025-10-28 18:37:19.95164', NULL, NULL, '00000000-0000-0000-0000-000000000001', NULL, 'ccdc13fa-4a1a-4dde-ad1c-efa0d58eafb7');

    -- DATA PRODUCTS - DATASETS
    INSERT INTO public.data_products_datasets (id, justification, data_product_id, dataset_id, status, requested_by_id, requested_on, approved_by_id, approved_on, denied_by_id, denied_on, created_on, updated_on, deleted_at)
        VALUES ('0658e52e-b69e-4787-b7b1-df215d75329c','Needed for doing my work', rnd_program_pipeline_id, drug_pipeline_dataset_id, 'APPROVED', john_id, timezone('utc'::text, CURRENT_TIMESTAMP), NULL, NULL, NULL, NULL, timezone('utc'::text, CURRENT_TIMESTAMP), NULL, NULL);
    INSERT INTO public.data_products_datasets (id, justification, data_product_id, dataset_id, status, requested_by_id, requested_on, approved_by_id, approved_on, denied_by_id, denied_on, created_on, updated_on, deleted_at)
        VALUES ('8c9ae075-aac3-47f3-b46f-1e7d66ea008a', 'I am working on a top secret R&D project.

Lorem ipsum dolor sit amet consectetur adipiscing elit. Quisque faucibus ex sapien vitae pellentesque sem placerat. In id cursus mi pretium tellus duis convallis. Tempus leo eu aenean sed diam urna tempor. Pulvinar vivamus fringilla lacus nec metus bibendum egestas. Iaculis massa nisl malesuada lacinia integer nunc posuere. Ut hendrerit semper vel class aptent taciti sociosqu. Ad litora torquent per conubia nostra inceptos himenaeos.

Lorem ipsum dolor sit amet consectetur adipiscing elit. Quisque faucibus ex sapien vitae pellentesque sem placerat. In id cursus mi pretium tellus duis convallis. Tempus leo eu aenean sed diam urna tempor. Pulvinar vivamus fringilla lacus nec metus bibendum egestas. Iaculis massa nisl malesuada lacinia integer nunc posuere. Ut hendrerit semper vel class aptent taciti sociosqu. Ad litora torquent per conubia nostra inceptos himenaeos.',rnd_program_pipeline_id, histology_clinical_dataset_id, 'PENDING', john_id, timezone('utc'::text, CURRENT_TIMESTAMP), NULL, NULL, NULL, NULL, timezone('utc'::text, CURRENT_TIMESTAMP), NULL, NULL);

    INSERT INTO public.data_products_datasets (id, justification, data_product_id, dataset_id, status, requested_by_id, requested_on, approved_by_id, approved_on, denied_by_id, denied_on, created_on, updated_on, deleted_at)
        VALUES ('9cc43cb5-f943-4f4e-8b41-8001fd33a0a0', 'Needed for doing my work',ai_model_histology_images_id, histology_rnd_dataset_id, 'APPROVED', bob_id, timezone('utc'::text, CURRENT_TIMESTAMP), NULL, NULL, NULL, NULL, timezone('utc'::text, CURRENT_TIMESTAMP), NULL, NULL);
    INSERT INTO public.data_products_datasets (id, justification, data_product_id, dataset_id, status, requested_by_id, requested_on, approved_by_id, approved_on, denied_by_id, denied_on, created_on, updated_on, deleted_at)
        VALUES ('f5923c52-d89e-429d-b2f2-ad8eb431a85e', 'Needed for doing my work',demand_forecast_id, demand_forecast_dataset_id, 'APPROVED', john_id, timezone('utc'::text, CURRENT_TIMESTAMP), NULL, NULL, NULL, NULL, timezone('utc'::text, CURRENT_TIMESTAMP), NULL, NULL);
    INSERT INTO public.data_products_datasets (id, justification, data_product_id, dataset_id, status, requested_by_id, requested_on, approved_by_id, approved_on, denied_by_id, denied_on, created_on, updated_on, deleted_at)
        VALUES ('c18ade7a-ef72-4da3-957d-60b750a21538', 'Needed for doing my work',demand_forecast_id, proteomics_dataset_id, 'PENDING', alice_id, timezone('utc'::text, CURRENT_TIMESTAMP), NULL, NULL, NULL, NULL, timezone('utc'::text, CURRENT_TIMESTAMP), NULL, NULL);
    INSERT INTO public.data_products_datasets (id, justification, data_product_id, dataset_id, status, requested_by_id, requested_on, approved_by_id, approved_on, denied_by_id, denied_on, created_on, updated_on, deleted_at)
        VALUES ('e27d437d-ba3c-4633-a5c3-95474fbc61ca', 'Needed for doing my work',prediction_model_id, histology_clinical_dataset_id, 'PENDING', alice_id, timezone('utc'::text, CURRENT_TIMESTAMP), NULL, NULL, NULL, NULL, timezone('utc'::text, CURRENT_TIMESTAMP), NULL, NULL);
    INSERT INTO public.data_products_datasets (id, justification, data_product_id, dataset_id, status, requested_by_id, requested_on, approved_by_id, approved_on, denied_by_id, denied_on, created_on, updated_on, deleted_at)
        VALUES ('24bf3a56-e48e-45de-a193-2164d0992b09', 'Needed for doing my work',prediction_model_id, demand_forecast_dataset_id, 'APPROVED', bob_id, timezone('utc'::text, CURRENT_TIMESTAMP), NULL, NULL, NULL, NULL, timezone('utc'::text, CURRENT_TIMESTAMP), NULL, NULL);
    INSERT INTO public.data_products_datasets (id, justification, data_product_id, dataset_id, status, requested_by_id, requested_on, approved_by_id, approved_on, denied_by_id, denied_on, created_on, updated_on, deleted_at)
        VALUES ('0ab77909-c839-4048-8005-4f5604c6fa5e', 'Needed for doing my work',prediction_model_id, proteomics_dataset_id, 'APPROVED', john_id, timezone('utc'::text, CURRENT_TIMESTAMP), NULL, NULL, NULL, NULL, timezone('utc'::text, CURRENT_TIMESTAMP), NULL, NULL);

    -- extra data products - datasets
    INSERT INTO public.data_products_datasets (id, data_product_id, dataset_id, status, requested_by_id, requested_on, approved_by_id, approved_on, denied_by_id, denied_on, created_on, updated_on, deleted_at) VALUES ('b681385e-708e-440f-860d-560d34179b5d', '9fa5e299-fcc4-45e0-b48d-cc3deb68eefe', 'dfbedc22-8295-4b35-a0fe-6b06c12adfde', 'APPROVED', 'b72fca38-17ff-4259-a075-5aaa5973343c', '2025-10-28 18:23:12.020558', NULL, NULL, NULL, NULL, '2025-10-28 18:23:11.905979', NULL, NULL);
    INSERT INTO public.data_products_datasets (id, data_product_id, dataset_id, status, requested_by_id, requested_on, approved_by_id, approved_on, denied_by_id, denied_on, created_on, updated_on, deleted_at) VALUES ('f871d09b-1e56-4f22-a07f-6bfdbdff427c', '9fa5e299-fcc4-45e0-b48d-cc3deb68eefe', '0c1e0db2-9fb5-4b7e-98a5-75fc43b642f4', 'PENDING', 'b72fca38-17ff-4259-a075-5aaa5973343c', '2025-10-28 18:23:22.374349', NULL, NULL, NULL, NULL, '2025-10-28 18:23:22.347772', NULL, NULL);
    INSERT INTO public.data_products_datasets (id, data_product_id, dataset_id, status, requested_by_id, requested_on, approved_by_id, approved_on, denied_by_id, denied_on, created_on, updated_on, deleted_at) VALUES ('3a944ecc-4452-4a03-8f86-6e8bc1c52df8', 'fbcd7899-2763-4659-bd28-2a278910ef85', '01fec372-0398-477c-b928-d8ce2423d5bb', 'APPROVED', 'b72fca38-17ff-4259-a075-5aaa5973343c', '2025-10-28 18:24:09.102558', NULL, NULL, NULL, NULL, '2025-10-28 18:24:09.083156', NULL, NULL);
    INSERT INTO public.data_products_datasets (id, data_product_id, dataset_id, status, requested_by_id, requested_on, approved_by_id, approved_on, denied_by_id, denied_on, created_on, updated_on, deleted_at) VALUES ('bb981618-f6e2-41ef-b5bd-150d50f44efb', 'fbcd7899-2763-4659-bd28-2a278910ef85', 'd7cef1cf-6e81-44b2-bab6-a6d4c85b52e5', 'APPROVED', 'b72fca38-17ff-4259-a075-5aaa5973343c', '2025-10-28 18:24:15.718027', NULL, NULL, NULL, NULL, '2025-10-28 18:24:15.691116', NULL, NULL);
    INSERT INTO public.data_products_datasets (id, data_product_id, dataset_id, status, requested_by_id, requested_on, approved_by_id, approved_on, denied_by_id, denied_on, created_on, updated_on, deleted_at) VALUES ('46988d9e-5c04-4698-a5e9-b5b39ca0ad59', '90e65438-a942-43e0-a4a9-ee406b92df65', 'd82a116f-2e70-40ae-94d1-782a0c79ce05', 'APPROVED', 'b72fca38-17ff-4259-a075-5aaa5973343c', '2025-10-28 18:24:42.131315', NULL, NULL, NULL, NULL, '2025-10-28 18:24:42.099963', NULL, NULL);
    INSERT INTO public.data_products_datasets (id, data_product_id, dataset_id, status, requested_by_id, requested_on, approved_by_id, approved_on, denied_by_id, denied_on, created_on, updated_on, deleted_at) VALUES ('2e9341dc-21e4-4532-ab4f-a82e29554745', '86b74246-734f-4cea-a984-3dd0d27fc565', 'b45839dc-6b58-4eae-9096-9d4eb99e41d4', 'APPROVED', 'b72fca38-17ff-4259-a075-5aaa5973343c', '2025-10-28 18:26:12.161702', NULL, NULL, NULL, NULL, '2025-10-28 18:26:12.140643', NULL, NULL);
    INSERT INTO public.data_products_datasets (id, data_product_id, dataset_id, status, requested_by_id, requested_on, approved_by_id, approved_on, denied_by_id, denied_on, created_on, updated_on, deleted_at) VALUES ('b3227d81-fc9d-458a-aefe-7d1befa89703', '6e580d91-14ea-495e-a6d7-5db236a5c1d5', 'd63acbcd-4df3-448f-bbb1-ebd0d2432947', 'APPROVED', 'b72fca38-17ff-4259-a075-5aaa5973343c', '2025-10-28 18:27:55.347837', NULL, NULL, NULL, NULL, '2025-10-28 18:27:55.325643', NULL, NULL);
    INSERT INTO public.data_products_datasets (id, data_product_id, dataset_id, status, requested_by_id, requested_on, approved_by_id, approved_on, denied_by_id, denied_on, created_on, updated_on, deleted_at) VALUES ('c9c3e0a4-179e-4379-8c7a-747d8d4b240c', '6e580d91-14ea-495e-a6d7-5db236a5c1d5', '2f645d36-ca49-45d9-97ad-28a5504e86bf', 'APPROVED', 'b72fca38-17ff-4259-a075-5aaa5973343c', '2025-10-28 18:32:57.856918', NULL, NULL, NULL, NULL, '2025-10-28 18:32:57.840699', NULL, NULL);
    INSERT INTO public.data_products_datasets (id, data_product_id, dataset_id, status, requested_by_id, requested_on, approved_by_id, approved_on, denied_by_id, denied_on, created_on, updated_on, deleted_at) VALUES ('f5775c4a-461e-4a93-82e1-9a12af967f8d', 'ccdc13fa-4a1a-4dde-ad1c-efa0d58eafb7', '5abfe489-8b84-4843-9582-84fbbc019556', 'PENDING', 'b72fca38-17ff-4259-a075-5aaa5973343c', '2025-10-28 18:35:14.841416', NULL, NULL, NULL, NULL, '2025-10-28 18:35:14.794112', NULL, NULL);

    -- Data output configurations
    INSERT INTO public.data_output_configurations (id, configuration_type, bucket_identifier, "database", database_suffix, "table", table_path, database_path, created_on, updated_on, deleted_at) VALUES ('b6bc5710-8706-45fb-bf85-6ed90d8a7428', 'GlueDataOutput', 'datalake', 'pharma_research', 'glue_output', '*', '*', 'pharma_research', timezone('utc'::text, CURRENT_TIMESTAMP), NULL, NULL) returning id into glue_configuration_id;
    INSERT INTO public.data_output_configurations (id, configuration_type, bucket_identifier, "catalog", schema, catalog_path, table_path, "table", created_on, updated_on, deleted_at) VALUES ('cdd627e5-08b2-4dc8-add6-32ff569f543b', 'DatabricksDataOutput', 'datalake', 'pharma_research', 'databricks_output', '', '', 'pharma_research', timezone('utc'::text, CURRENT_TIMESTAMP), NULL, NULL) returning id into databricks_configuration_id;

    -- DATA OUTPUTS
    INSERT INTO public.data_outputs (id, configuration_id, "name", namespace, description, status, owner_id, platform_id, service_id, created_on, updated_on, deleted_at) VALUES ('4bbe93f4-3514-4839-a705-6532a6cb041f', databricks_configuration_id, 'Pharma Research Databricks table', 'pharma-research-databricks-table', 'A Databricks table containing pharmaceutical research data', 'ACTIVE', ai_model_histology_images_id,databricks_id, databricks_service_id, timezone('utc'::text, CURRENT_TIMESTAMP), NULL, NULL) returning id INTO databricks_data_output_id;
    INSERT INTO public.data_outputs (id, configuration_id, "name", namespace, description, status, owner_id, platform_id, service_id, created_on, updated_on, deleted_at) VALUES ('4d35e5ef-6205-4d4d-aec1-a9456b3a3ba6', glue_configuration_id, 'Pharma Research Glue table', 'pharma-research-glue-table', 'A Glue table containing pharmaceutical research data', 'ACTIVE', ai_model_histology_images_id,returned_platform_id, glue_service_id, timezone('utc'::text, CURRENT_TIMESTAMP), NULL, NULL) returning id INTO glue_data_output_id;

    INSERT INTO public.data_product_settings (id, namespace, name, "default", "order", type, tooltip, category, scope) VALUES ('e12ec335-d7a4-4e27-8225-b66da70f3158', 'iam_role', 'IAM service accounts', 'false', '100', 'CHECKBOX', 'Generate IAM access credentials for this data product', 'AWS', 'DATAPRODUCT');

    -- extra data outputs
    INSERT INTO public.data_outputs (id, namespace, name, description, status, platform_id, service_id, owner_id, configuration, configuration_id, created_on, updated_on, deleted_at, "sourceAligned") VALUES ('b4caa471-99a2-40e3-9d43-67b85e466c5b', 'omics-data', 'Omics data', 'Captures genomic, proteomic, and transcriptomic measurements from lab experiments to provide a unified dataset for biomarker exploration.', 'ACTIVE', returned_platform_id, glue_service_id, '81815c4c-f323-4cf1-b25b-f43f231f510f', NULL, '12346cc6-f58d-4217-88d3-6443b01d5d0f', '2025-10-28 16:34:02.355842', NULL, NULL, false);
    INSERT INTO public.data_outputs (id, namespace, name, description, status, platform_id, service_id, owner_id, configuration, configuration_id, created_on, updated_on, deleted_at, "sourceAligned") VALUES ('86d75ebd-8c3a-4c71-b5a5-33146b28b410', 'clinical-outcome-correlation', 'Clinical outcome correlation', 'Links omics samples to anonymized patient outcomes, enabling downstream hypothesis testing.', 'ACTIVE', 'baa5c47b-805a-4cbb-ad8b-038c66e81b7e', 'ce208413-b629-44d2-9f98-e5b47a315a56', '81815c4c-f323-4cf1-b25b-f43f231f510f', NULL, 'db8e84e9-e942-4ebb-ac78-ee0fa600db5d', '2025-10-28 16:34:31.5612', NULL, NULL, false);
    INSERT INTO public.data_outputs (id, namespace, name, description, status, platform_id, service_id, owner_id, configuration, configuration_id, created_on, updated_on, deleted_at, "sourceAligned") VALUES ('904ccfd4-c5e5-4a0d-af0b-3a3c38b34696', 'trial-master-summary', 'Trial master summary', 'Central repository for study metadata and milestones.', 'ACTIVE', returned_platform_id, glue_service_id, '6e580d91-14ea-495e-a6d7-5db236a5c1d5', NULL, '17798a65-12e2-4a5e-84c0-9948041849e0', '2025-10-28 16:38:29.452913', NULL, NULL, false);
    INSERT INTO public.data_outputs (id, namespace, name, description, status, platform_id, service_id, owner_id, configuration, configuration_id, created_on, updated_on, deleted_at, "sourceAligned") VALUES ('77951289-2f2c-46f3-a3e4-b4ba17fab169', 'enrollment-and-retention-metrics', 'Enrollment and retention metrics', 'Tracks patient recruitment and retention trends per site.', 'ACTIVE', returned_platform_id, glue_service_id, '6e580d91-14ea-495e-a6d7-5db236a5c1d5', NULL, '08877d52-a5c1-4fd4-8e8d-ca3c108f2363', '2025-10-28 16:39:02.184116', NULL, NULL, false);
    INSERT INTO public.data_outputs (id, namespace, name, description, status, platform_id, service_id, owner_id, configuration, configuration_id, created_on, updated_on, deleted_at, "sourceAligned") VALUES ('c006b4a3-6840-4aa9-966d-21acc8d18366', 'ecrf-data-logs', 'ECRF data logs', 'Capture all clinical entries and edits in electronic forms.', 'ACTIVE', returned_platform_id, glue_service_id, '9fa5e299-fcc4-45e0-b48d-cc3deb68eefe', NULL, '43a09ac9-9576-4436-94f7-79339510c887', '2025-10-28 17:56:57.829806', NULL, NULL, false);
    INSERT INTO public.data_outputs (id, namespace, name, description, status, platform_id, service_id, owner_id, configuration, configuration_id, created_on, updated_on, deleted_at, "sourceAligned") VALUES ('fbd3dbdf-76f1-4c0a-b732-66f1be456860', 'data-validation-results', 'Data validation results', 'Stores outcomes of automated QC rules and anomalies.', 'ACTIVE', returned_platform_id, glue_service_id, '9fa5e299-fcc4-45e0-b48d-cc3deb68eefe', NULL, '3871765b-881b-4654-a0ec-7e1db6a2de2f', '2025-10-28 17:57:32.996449', NULL, NULL, false);
    INSERT INTO public.data_outputs (id, namespace, name, description, status, platform_id, service_id, owner_id, configuration, configuration_id, created_on, updated_on, deleted_at, "sourceAligned") VALUES ('d3f02123-b777-40b9-8c52-0ec66be68241', 'submission-package-metadata', 'Submission Package Metadata', 'Contains submission components and status per agency.', 'ACTIVE', returned_platform_id, glue_service_id, 'fbcd7899-2763-4659-bd28-2a278910ef85', NULL, '3f9ba1f0-84fb-4a5c-858d-11b1bca33b6b', '2025-10-28 17:59:45.865277', NULL, NULL, false);
    INSERT INTO public.data_outputs (id, namespace, name, description, status, platform_id, service_id, owner_id, configuration, configuration_id, created_on, updated_on, deleted_at, "sourceAligned") VALUES ('361d6347-afd8-4927-af8b-ce5dc54cca96', 'compliance-audit-trail', 'Compliance Audit Trail', 'Logs document revisions and quality issues.', 'ACTIVE', returned_platform_id, s3_service_id, 'fbcd7899-2763-4659-bd28-2a278910ef85', NULL, 'b1a77a22-5dac-4631-9e22-b6129c67d037', '2025-10-28 18:00:21.273949', NULL, NULL, false);
    INSERT INTO public.data_outputs (id, namespace, name, description, status, platform_id, service_id, owner_id, configuration, configuration_id, created_on, updated_on, deleted_at, "sourceAligned") VALUES ('561d2ab6-b9dc-405a-9190-8f2d3d443b28', 'adverse-event-database', 'Adverse event database', 'Collects standardized AE reports from multiple data sources.
    Output: Consolidated case-level dataset for signal analysis.', 'ACTIVE', returned_platform_id, s3_service_id, '08039e5d-50a7-447a-b691-f5dc6b420dea', NULL, '10889f18-7156-4617-84f7-89aac3370027', '2025-10-28 18:02:28.302038', NULL, NULL, false);
    INSERT INTO public.data_outputs (id, namespace, name, description, status, platform_id, service_id, owner_id, configuration, configuration_id, created_on, updated_on, deleted_at, "sourceAligned") VALUES ('9db5db83-a92b-4111-a0b6-dfe43fdc9454', 'signal-analytics-output', 'Signal analytics output', 'Aggregates statistical disproportionality metrics for safety signals.', 'ACTIVE', returned_platform_id, s3_service_id, '08039e5d-50a7-447a-b691-f5dc6b420dea', NULL, '2cd814a6-20fe-430e-ba62-ace42b10897e', '2025-10-28 18:03:02.685892', NULL, NULL, false);
    INSERT INTO public.data_outputs (id, namespace, name, description, status, platform_id, service_id, owner_id, configuration, configuration_id, created_on, updated_on, deleted_at, "sourceAligned") VALUES ('fcbc3477-62cd-43ff-843f-bb18e24d31be', 'manufacturing-batch-data', 'Manufacturing Batch Data', 'Tracks production and quality of drug lots', 'ACTIVE', returned_platform_id, s3_service_id, '625b65b6-13d9-4c8c-a669-865e36fc3dfc', NULL, '83e1a9e2-19ec-4b31-aeb5-40ac81e3e27c', '2025-10-28 18:06:26.226197', NULL, NULL, false);
    INSERT INTO public.data_outputs (id, namespace, name, description, status, platform_id, service_id, owner_id, configuration, configuration_id, created_on, updated_on, deleted_at, "sourceAligned") VALUES ('2aa6122b-833f-4386-894d-4a5af3af10c4', 'shipment-logs', 'Shipment logs', 'Records product shipments', 'ACTIVE', returned_platform_id, s3_service_id, '625b65b6-13d9-4c8c-a669-865e36fc3dfc', NULL, 'f8df446d-0211-4ee8-81e1-5410b6419e6e', '2025-10-28 18:07:05.924953', NULL, NULL, false);
    INSERT INTO public.data_outputs (id, namespace, name, description, status, platform_id, service_id, owner_id, configuration, configuration_id, created_on, updated_on, deleted_at, "sourceAligned") VALUES ('c15caa28-c063-4e41-8dd3-c5cccccfa88c', 'site-inventory', 'Site inventory', 'Shows the stock levels at trial sites.', 'ACTIVE', returned_platform_id, s3_service_id, '625b65b6-13d9-4c8c-a669-865e36fc3dfc', NULL, '7bb075e0-70c3-44c2-811e-cd7bba757927', '2025-10-28 18:07:33.673309', NULL, NULL, false);
    INSERT INTO public.data_outputs (id, namespace, name, description, status, platform_id, service_id, owner_id, configuration, configuration_id, created_on, updated_on, deleted_at, "sourceAligned") VALUES ('d1092134-aac6-4501-88ba-464a9f0cedc8', 'customer-master-data', 'Customer master data', 'Maintains a golden record of HCPs and organizations.', 'ACTIVE', 'baa5c47b-805a-4cbb-ad8b-038c66e81b7e', 'ce208413-b629-44d2-9f98-e5b47a315a56', '22488fe0-c30a-4447-972e-3eb22a1bd266', NULL, 'dc1cc43b-698e-424c-af5b-27f68f0c0781', '2025-10-28 18:09:39.615998', NULL, NULL, false);
    INSERT INTO public.data_outputs (id, namespace, name, description, status, platform_id, service_id, owner_id, configuration, configuration_id, created_on, updated_on, deleted_at, "sourceAligned") VALUES ('1e9030f0-6e6e-485e-8bd9-0ff76bfc371f', 'engagement-activity-log', 'Engagement Activity Log', 'Tracks calls, emails, and events with customers.', 'ACTIVE', 'baa5c47b-805a-4cbb-ad8b-038c66e81b7e', 'ce208413-b629-44d2-9f98-e5b47a315a56', '22488fe0-c30a-4447-972e-3eb22a1bd266', NULL, '8d18f556-ccd2-425e-8e48-f24c185a053e', '2025-10-28 18:10:04.633488', NULL, NULL, false);
    INSERT INTO public.data_outputs (id, namespace, name, description, status, platform_id, service_id, owner_id, configuration, configuration_id, created_on, updated_on, deleted_at, "sourceAligned") VALUES ('07fe77b2-f06f-4692-a76b-acdd2c412db3', 'entity-registry', 'Entity Registry', 'Stores canonical identifiers and metadata for all business entities.', 'ACTIVE', 'baa5c47b-805a-4cbb-ad8b-038c66e81b7e', 'ce208413-b629-44d2-9f98-e5b47a315a56', '90e65438-a942-43e0-a4a9-ee406b92df65', NULL, 'da19237f-eaf6-4a0a-8090-a2b724189978', '2025-10-28 18:12:07.053708', NULL, NULL, false);
    INSERT INTO public.data_outputs (id, namespace, name, description, status, platform_id, service_id, owner_id, configuration, configuration_id, created_on, updated_on, deleted_at, "sourceAligned") VALUES ('967ca866-d868-49b8-9a31-3d2e97ed63f3', 'relationship-graph', 'Relationship Graph', 'Maps inter-entity relationships across domains.', 'ACTIVE', 'baa5c47b-805a-4cbb-ad8b-038c66e81b7e', 'ce208413-b629-44d2-9f98-e5b47a315a56', '90e65438-a942-43e0-a4a9-ee406b92df65', NULL, '502d4484-e332-4854-a2d8-7c387906f459', '2025-10-28 18:12:22.129267', NULL, NULL, false);
    INSERT INTO public.data_outputs (id, namespace, name, description, status, platform_id, service_id, owner_id, configuration, configuration_id, created_on, updated_on, deleted_at, "sourceAligned") VALUES ('e1024306-a524-4142-8673-b0219dfad76b', 'project-delivery-metrics', 'Project Delivery Metrics', 'Tracks timelines, milestones, and outcomes of internal projects.', 'ACTIVE', returned_platform_id, glue_service_id, '68b28e38-3faa-45ca-9d00-3830d0a7b108', NULL, 'af1e8de6-3dc8-43e5-9c74-597c5676c137', '2025-10-28 18:14:25.794897', NULL, NULL, false);
    INSERT INTO public.data_outputs (id, namespace, name, description, status, platform_id, service_id, owner_id, configuration, configuration_id, created_on, updated_on, deleted_at, "sourceAligned") VALUES ('dcf5270d-562b-4cd1-a0a3-c0835003698b', 'employee-kpi-log', 'Employee KPI log', 'Tracks how well each employee is performing with respect to their set KPIs', 'ACTIVE', returned_platform_id, glue_service_id, '68b28e38-3faa-45ca-9d00-3830d0a7b108', NULL, '677a9352-a968-44be-a5df-6e5e4094ebe7', '2025-10-28 18:15:10.920954', NULL, NULL, false);
    INSERT INTO public.data_outputs (id, namespace, name, description, status, platform_id, service_id, owner_id, configuration, configuration_id, created_on, updated_on, deleted_at, "sourceAligned") VALUES ('cce652d7-b6a6-4000-a248-4cc9d9066fab', 'workforce-demographics', 'Workforce Demographics', 'Records representation by gender, age, and level.', 'ACTIVE', 'baa5c47b-805a-4cbb-ad8b-038c66e81b7e', 'ce208413-b629-44d2-9f98-e5b47a315a56', '97af957a-70c4-465d-95f2-f70c11af8da0', NULL, '44daa0b4-a027-4e5b-b233-b8342da71c38', '2025-10-28 18:17:04.80167', NULL, NULL, false);
    INSERT INTO public.data_outputs (id, namespace, name, description, status, platform_id, service_id, owner_id, configuration, configuration_id, created_on, updated_on, deleted_at, "sourceAligned") VALUES ('a686ff78-3039-4006-9dd1-e8d5cf293ec7', 'compensation-equity-data', 'Compensation Equity Data', 'Captures pay and benefits information across roles.', 'ACTIVE', 'baa5c47b-805a-4cbb-ad8b-038c66e81b7e', 'ce208413-b629-44d2-9f98-e5b47a315a56', '97af957a-70c4-465d-95f2-f70c11af8da0', NULL, 'e0875fbb-f2ff-4804-a9ba-c9c3b006fca3', '2025-10-28 18:17:20.241114', NULL, NULL, false);
    INSERT INTO public.data_outputs (id, namespace, name, description, status, platform_id, service_id, owner_id, configuration, configuration_id, created_on, updated_on, deleted_at, "sourceAligned") VALUES ('93556532-e5e5-4c8a-b0f6-e269a9e290cd', 'sales-transactions', 'Sales Transactions', 'Stores product-level revenue and quantity sold per region', 'ACTIVE', returned_platform_id, glue_service_id, '86b74246-734f-4cea-a984-3dd0d27fc565', NULL, 'ff632a7d-4ddd-4fd1-800a-ba8098c26c18', '2025-10-28 18:19:44.674412', NULL, NULL, false);
    INSERT INTO public.data_outputs (id, namespace, name, description, status, platform_id, service_id, owner_id, configuration, configuration_id, created_on, updated_on, deleted_at, "sourceAligned") VALUES ('2845c506-a944-484e-a9b5-3f93d9f1532c', 'territory-assignments', 'Territory Assignments', 'Defines which representatives cover which areas or accounts.', 'ACTIVE', returned_platform_id, glue_service_id, '86b74246-734f-4cea-a984-3dd0d27fc565', NULL, 'e8129149-bdb5-4c15-8211-4b6b83fcb64a', '2025-10-28 18:20:01.401722', NULL, NULL, false);
    INSERT INTO public.data_outputs (id, namespace, name, description, status, platform_id, service_id, owner_id, configuration, configuration_id, created_on, updated_on, deleted_at, "sourceAligned") VALUES ('0473d934-3993-45d5-9d25-151162f673da', 'patient-demographic', 'Patient demographic', 'Stores baseline info about trial participants', 'ACTIVE', returned_platform_id, glue_service_id, '58b837a5-33d0-41cf-bf95-eb9af846f4d0', NULL, '74db2ed9-b28a-4875-8eb5-17b9fe445c8d', '2025-10-28 18:30:00.415068', NULL, NULL, false);
    INSERT INTO public.data_outputs (id, namespace, name, description, status, platform_id, service_id, owner_id, configuration, configuration_id, created_on, updated_on, deleted_at, "sourceAligned") VALUES ('975b129b-d9c4-4a8a-8430-9be3be621c37', 'patient-clinical-profile', 'Patient clinical profile', 'Stores basic clinical information about the patients', 'ACTIVE', returned_platform_id, glue_service_id, '58b837a5-33d0-41cf-bf95-eb9af846f4d0', NULL, '22e9a60d-e8f8-4bf5-9efd-500f407dbb47', '2025-10-28 18:30:28.256785', NULL, NULL, false);
    INSERT INTO public.data_outputs (id, namespace, name, description, status, platform_id, service_id, owner_id, configuration, configuration_id, created_on, updated_on, deleted_at, "sourceAligned") VALUES ('b4b4ba5e-1c1a-42f8-9017-25fed591f30b', 'response-to-treatment', 'Response to treatment', 'Records treatment outcomes and biomarkers linked to each patient.', 'ACTIVE', returned_platform_id, glue_service_id, '58b837a5-33d0-41cf-bf95-eb9af846f4d0', NULL, '2ea14ab5-a45b-4799-86fc-d6285377a4d6', '2025-10-28 18:30:57.415321', NULL, NULL, false);
    INSERT INTO public.data_outputs (id, namespace, name, description, status, platform_id, service_id, owner_id, configuration, configuration_id, created_on, updated_on, deleted_at, "sourceAligned") VALUES ('2458ead6-6361-4542-a5aa-5ce45cba4aa3', 'competitive-intelligence', 'Competitive Intelligence ', 'Aggregates competitor activity, publications, and pipeline updates.', 'ACTIVE', returned_platform_id, glue_service_id, 'ccdc13fa-4a1a-4dde-ad1c-efa0d58eafb7', NULL, 'bbed68d4-8bda-420a-a6cf-37cb32ba9d45', '2025-10-28 18:35:42.552188', NULL, NULL, false);
    INSERT INTO public.data_outputs (id, namespace, name, description, status, platform_id, service_id, owner_id, configuration, configuration_id, created_on, updated_on, deleted_at, "sourceAligned") VALUES ('eb93308b-a5bb-4f19-90e3-cf56b0855a07', 'rd-program-ranking', 'R&D program ranking', 'Ranking of the different R&D programs within our organisation', 'ACTIVE', returned_platform_id, glue_service_id, 'ccdc13fa-4a1a-4dde-ad1c-efa0d58eafb7', NULL, '8b6b6b35-c155-4f13-a847-c7598b08cea9', '2025-10-28 18:36:26.66997', NULL, NULL, false);

    -- DATA OUTPUTS - DATASETS
    INSERT INTO public.data_outputs_datasets (id, data_output_id, dataset_id, status, requested_by_id, requested_on, approved_by_id, approved_on, denied_by_id, denied_on, created_on, updated_on, deleted_at) VALUES ('90238525-841a-4e50-9387-9dc8ebbf8fe8', databricks_data_output_id, histology_clinical_dataset_id, 'APPROVED', john_id, timezone('utc'::text, CURRENT_TIMESTAMP), NULL, NULL, NULL, NULL, timezone('utc'::text, CURRENT_TIMESTAMP), NULL, NULL);
    INSERT INTO public.data_outputs_datasets (id, data_output_id, dataset_id, status, requested_by_id, requested_on, approved_by_id, approved_on, denied_by_id, denied_on, created_on, updated_on, deleted_at) VALUES ('6c2ea4b3-48af-448d-9e9e-2892d3dddf50', glue_data_output_id, demand_forecast_dataset_id, 'APPROVED', john_id, timezone('utc'::text, CURRENT_TIMESTAMP), NULL, NULL, NULL, NULL, timezone('utc'::text, CURRENT_TIMESTAMP), NULL, NULL);

    -- extra data outputs - datasets
    INSERT INTO public.data_outputs_datasets (id, data_output_id, dataset_id, status, requested_by_id, requested_on, approved_by_id, approved_on, denied_by_id, denied_on, created_on, updated_on, deleted_at) VALUES ('9d6626a7-ba0d-4984-8991-8bab9e11ebc2', '86d75ebd-8c3a-4c71-b5a5-33146b28b410', '0c1e0db2-9fb5-4b7e-98a5-75fc43b642f4', 'APPROVED', 'b72fca38-17ff-4259-a075-5aaa5973343c', '2025-10-28 16:36:36.784134', 'b72fca38-17ff-4259-a075-5aaa5973343c', '2025-10-28 16:36:36.936773', NULL, NULL, '2025-10-28 16:36:36.677803', '2025-10-28 16:36:36.838041', NULL);
    INSERT INTO public.data_outputs_datasets (id, data_output_id, dataset_id, status, requested_by_id, requested_on, approved_by_id, approved_on, denied_by_id, denied_on, created_on, updated_on, deleted_at) VALUES ('f81601f8-6bac-4ff9-97d7-bca190b490ea', 'b4caa471-99a2-40e3-9d43-67b85e466c5b', '0c1e0db2-9fb5-4b7e-98a5-75fc43b642f4', 'APPROVED', 'b72fca38-17ff-4259-a075-5aaa5973343c', '2025-10-28 16:36:38.936549', 'b72fca38-17ff-4259-a075-5aaa5973343c', '2025-10-28 16:36:39.003494', NULL, NULL, '2025-10-28 16:36:38.901131', '2025-10-28 16:36:38.983921', NULL);
    INSERT INTO public.data_outputs_datasets (id, data_output_id, dataset_id, status, requested_by_id, requested_on, approved_by_id, approved_on, denied_by_id, denied_on, created_on, updated_on, deleted_at) VALUES ('eb80828c-f505-4a76-8e2a-699a25ba58a4', '904ccfd4-c5e5-4a0d-af0b-3a3c38b34696', '01fec372-0398-477c-b928-d8ce2423d5bb', 'APPROVED', 'b72fca38-17ff-4259-a075-5aaa5973343c', '2025-10-28 16:41:53.381801', 'b72fca38-17ff-4259-a075-5aaa5973343c', '2025-10-28 16:41:53.466581', NULL, NULL, '2025-10-28 16:41:53.329537', '2025-10-28 16:41:53.438198', NULL);
    INSERT INTO public.data_outputs_datasets (id, data_output_id, dataset_id, status, requested_by_id, requested_on, approved_by_id, approved_on, denied_by_id, denied_on, created_on, updated_on, deleted_at) VALUES ('ea6f8ec0-32dc-4d78-8ac2-0f2bc2bcb784', '77951289-2f2c-46f3-a3e4-b4ba17fab169', '01fec372-0398-477c-b928-d8ce2423d5bb', 'APPROVED', 'b72fca38-17ff-4259-a075-5aaa5973343c', '2025-10-28 16:41:55.062852', 'b72fca38-17ff-4259-a075-5aaa5973343c', '2025-10-28 16:41:55.197009', NULL, NULL, '2025-10-28 16:41:55.030556', '2025-10-28 16:41:55.12378', NULL);
    INSERT INTO public.data_outputs_datasets (id, data_output_id, dataset_id, status, requested_by_id, requested_on, approved_by_id, approved_on, denied_by_id, denied_on, created_on, updated_on, deleted_at) VALUES ('58f0a945-f3fa-42ac-a4d4-6a3c12b5c135', 'c006b4a3-6840-4aa9-966d-21acc8d18366', 'd7cef1cf-6e81-44b2-bab6-a6d4c85b52e5', 'APPROVED', 'b72fca38-17ff-4259-a075-5aaa5973343c', '2025-10-28 17:58:31.660154', 'b72fca38-17ff-4259-a075-5aaa5973343c', '2025-10-28 17:58:31.70845', NULL, NULL, '2025-10-28 17:58:31.618811', '2025-10-28 17:58:31.688679', NULL);
    INSERT INTO public.data_outputs_datasets (id, data_output_id, dataset_id, status, requested_by_id, requested_on, approved_by_id, approved_on, denied_by_id, denied_on, created_on, updated_on, deleted_at) VALUES ('934b6e37-adf1-4d30-a931-65fc25370b9b', 'fbd3dbdf-76f1-4c0a-b732-66f1be456860', 'd7cef1cf-6e81-44b2-bab6-a6d4c85b52e5', 'APPROVED', 'b72fca38-17ff-4259-a075-5aaa5973343c', '2025-10-28 17:58:33.023232', 'b72fca38-17ff-4259-a075-5aaa5973343c', '2025-10-28 17:58:33.078831', NULL, NULL, '2025-10-28 17:58:33.001813', '2025-10-28 17:58:33.049546', NULL);
    INSERT INTO public.data_outputs_datasets (id, data_output_id, dataset_id, status, requested_by_id, requested_on, approved_by_id, approved_on, denied_by_id, denied_on, created_on, updated_on, deleted_at) VALUES ('f99a7b4e-24bb-4bcb-b1a6-271325f8063b', '561d2ab6-b9dc-405a-9190-8f2d3d443b28', 'a1927636-c1c2-4834-8d0b-05acff4d825e', 'APPROVED', 'b72fca38-17ff-4259-a075-5aaa5973343c', '2025-10-28 18:04:14.597313', 'b72fca38-17ff-4259-a075-5aaa5973343c', '2025-10-28 18:04:14.668113', NULL, NULL, '2025-10-28 18:04:14.555265', '2025-10-28 18:04:14.636324', NULL);
    INSERT INTO public.data_outputs_datasets (id, data_output_id, dataset_id, status, requested_by_id, requested_on, approved_by_id, approved_on, denied_by_id, denied_on, created_on, updated_on, deleted_at) VALUES ('59e2fa12-fdfa-46a6-8854-92fc74e6cddb', '9db5db83-a92b-4111-a0b6-dfe43fdc9454', 'a1927636-c1c2-4834-8d0b-05acff4d825e', 'APPROVED', 'b72fca38-17ff-4259-a075-5aaa5973343c', '2025-10-28 18:04:15.537916', 'b72fca38-17ff-4259-a075-5aaa5973343c', '2025-10-28 18:04:15.590238', NULL, NULL, '2025-10-28 18:04:15.514308', '2025-10-28 18:04:15.570758', NULL);
    INSERT INTO public.data_outputs_datasets (id, data_output_id, dataset_id, status, requested_by_id, requested_on, approved_by_id, approved_on, denied_by_id, denied_on, created_on, updated_on, deleted_at) VALUES ('c2a3a593-8f9c-4dbb-b502-5a62a414036b', '2aa6122b-833f-4386-894d-4a5af3af10c4', 'd63acbcd-4df3-448f-bbb1-ebd0d2432947', 'APPROVED', 'b72fca38-17ff-4259-a075-5aaa5973343c', '2025-10-28 18:08:15.527725', 'b72fca38-17ff-4259-a075-5aaa5973343c', '2025-10-28 18:08:15.613451', NULL, NULL, '2025-10-28 18:08:15.497799', '2025-10-28 18:08:15.579139', NULL);
    INSERT INTO public.data_outputs_datasets (id, data_output_id, dataset_id, status, requested_by_id, requested_on, approved_by_id, approved_on, denied_by_id, denied_on, created_on, updated_on, deleted_at) VALUES ('fdbbaf44-500d-4a32-9be1-48ebfbcc7a63', 'c15caa28-c063-4e41-8dd3-c5cccccfa88c', 'd63acbcd-4df3-448f-bbb1-ebd0d2432947', 'APPROVED', 'b72fca38-17ff-4259-a075-5aaa5973343c', '2025-10-28 18:08:16.856942', 'b72fca38-17ff-4259-a075-5aaa5973343c', '2025-10-28 18:08:16.959461', NULL, NULL, '2025-10-28 18:08:16.816357', '2025-10-28 18:08:16.905924', NULL);
    INSERT INTO public.data_outputs_datasets (id, data_output_id, dataset_id, status, requested_by_id, requested_on, approved_by_id, approved_on, denied_by_id, denied_on, created_on, updated_on, deleted_at) VALUES ('e3a47e38-1f96-4b7e-81f7-4e57993aec42', 'fcbc3477-62cd-43ff-843f-bb18e24d31be', 'd63acbcd-4df3-448f-bbb1-ebd0d2432947', 'APPROVED', 'b72fca38-17ff-4259-a075-5aaa5973343c', '2025-10-28 18:08:18.004387', 'b72fca38-17ff-4259-a075-5aaa5973343c', '2025-10-28 18:08:18.058195', NULL, NULL, '2025-10-28 18:08:17.974118', '2025-10-28 18:08:18.031336', NULL);
    INSERT INTO public.data_outputs_datasets (id, data_output_id, dataset_id, status, requested_by_id, requested_on, approved_by_id, approved_on, denied_by_id, denied_on, created_on, updated_on, deleted_at) VALUES ('73d48631-10bc-414f-bfbd-a96ce010e45f', 'd1092134-aac6-4501-88ba-464a9f0cedc8', 'b45839dc-6b58-4eae-9096-9d4eb99e41d4', 'APPROVED', 'b72fca38-17ff-4259-a075-5aaa5973343c', '2025-10-28 18:10:44.333817', 'b72fca38-17ff-4259-a075-5aaa5973343c', '2025-10-28 18:10:44.440125', NULL, NULL, '2025-10-28 18:10:44.299679', '2025-10-28 18:10:44.393674', NULL);
    INSERT INTO public.data_outputs_datasets (id, data_output_id, dataset_id, status, requested_by_id, requested_on, approved_by_id, approved_on, denied_by_id, denied_on, created_on, updated_on, deleted_at) VALUES ('5abb598c-0f57-4d5b-9b7a-80513fca5ff9', '1e9030f0-6e6e-485e-8bd9-0ff76bfc371f', 'b45839dc-6b58-4eae-9096-9d4eb99e41d4', 'APPROVED', 'b72fca38-17ff-4259-a075-5aaa5973343c', '2025-10-28 18:10:45.525671', 'b72fca38-17ff-4259-a075-5aaa5973343c', '2025-10-28 18:10:45.580281', NULL, NULL, '2025-10-28 18:10:45.493752', '2025-10-28 18:10:45.555429', NULL);
    INSERT INTO public.data_outputs_datasets (id, data_output_id, dataset_id, status, requested_by_id, requested_on, approved_by_id, approved_on, denied_by_id, denied_on, created_on, updated_on, deleted_at) VALUES ('1548e366-0b92-47fa-908e-281c0d074666', '967ca866-d868-49b8-9a31-3d2e97ed63f3', '34674f53-e20e-4ed2-8f8c-2648b3244c5e', 'APPROVED', 'b72fca38-17ff-4259-a075-5aaa5973343c', '2025-10-28 18:13:24.690325', 'b72fca38-17ff-4259-a075-5aaa5973343c', '2025-10-28 18:13:24.757097', NULL, NULL, '2025-10-28 18:13:24.65614', '2025-10-28 18:13:24.724402', NULL);
    INSERT INTO public.data_outputs_datasets (id, data_output_id, dataset_id, status, requested_by_id, requested_on, approved_by_id, approved_on, denied_by_id, denied_on, created_on, updated_on, deleted_at) VALUES ('81fd912c-a623-4530-b323-6c7565c7a724', '07fe77b2-f06f-4692-a76b-acdd2c412db3', '34674f53-e20e-4ed2-8f8c-2648b3244c5e', 'APPROVED', 'b72fca38-17ff-4259-a075-5aaa5973343c', '2025-10-28 18:13:25.618489', 'b72fca38-17ff-4259-a075-5aaa5973343c', '2025-10-28 18:13:25.679953', NULL, NULL, '2025-10-28 18:13:25.589683', '2025-10-28 18:13:25.64917', NULL);
    INSERT INTO public.data_outputs_datasets (id, data_output_id, dataset_id, status, requested_by_id, requested_on, approved_by_id, approved_on, denied_by_id, denied_on, created_on, updated_on, deleted_at) VALUES ('50a82fd7-f929-43b6-8c20-60c49e45203d', 'dcf5270d-562b-4cd1-a0a3-c0835003698b', '6990dc28-fc94-49d4-b01b-17e7e5c55e5b', 'APPROVED', 'b72fca38-17ff-4259-a075-5aaa5973343c', '2025-10-28 18:15:51.14266', 'b72fca38-17ff-4259-a075-5aaa5973343c', '2025-10-28 18:15:51.237375', NULL, NULL, '2025-10-28 18:15:51.102854', '2025-10-28 18:15:51.208782', NULL);
    INSERT INTO public.data_outputs_datasets (id, data_output_id, dataset_id, status, requested_by_id, requested_on, approved_by_id, approved_on, denied_by_id, denied_on, created_on, updated_on, deleted_at) VALUES ('c091b2e0-0225-495a-8d61-61a6c6456058', 'e1024306-a524-4142-8673-b0219dfad76b', '6990dc28-fc94-49d4-b01b-17e7e5c55e5b', 'APPROVED', 'b72fca38-17ff-4259-a075-5aaa5973343c', '2025-10-28 18:15:52.252975', 'b72fca38-17ff-4259-a075-5aaa5973343c', '2025-10-28 18:15:52.320914', NULL, NULL, '2025-10-28 18:15:52.2097', '2025-10-28 18:15:52.296432', NULL);
    INSERT INTO public.data_outputs_datasets (id, data_output_id, dataset_id, status, requested_by_id, requested_on, approved_by_id, approved_on, denied_by_id, denied_on, created_on, updated_on, deleted_at) VALUES ('69561530-ca31-449e-903e-e85fe02f34f8', 'a686ff78-3039-4006-9dd1-e8d5cf293ec7', '3d2fe240-1505-4de6-8302-771d7d157992', 'APPROVED', 'b72fca38-17ff-4259-a075-5aaa5973343c', '2025-10-28 18:18:40.646738', 'b72fca38-17ff-4259-a075-5aaa5973343c', '2025-10-28 18:18:40.709399', NULL, NULL, '2025-10-28 18:18:40.608498', '2025-10-28 18:18:40.680577', NULL);
    INSERT INTO public.data_outputs_datasets (id, data_output_id, dataset_id, status, requested_by_id, requested_on, approved_by_id, approved_on, denied_by_id, denied_on, created_on, updated_on, deleted_at) VALUES ('a671ab00-9725-487a-9d8d-12a68a540d8d', 'cce652d7-b6a6-4000-a248-4cc9d9066fab', '3d2fe240-1505-4de6-8302-771d7d157992', 'APPROVED', 'b72fca38-17ff-4259-a075-5aaa5973343c', '2025-10-28 18:18:41.681084', 'b72fca38-17ff-4259-a075-5aaa5973343c', '2025-10-28 18:18:41.729558', NULL, NULL, '2025-10-28 18:18:41.643075', '2025-10-28 18:18:41.711014', NULL);
    INSERT INTO public.data_outputs_datasets (id, data_output_id, dataset_id, status, requested_by_id, requested_on, approved_by_id, approved_on, denied_by_id, denied_on, created_on, updated_on, deleted_at) VALUES ('860a76e3-98c4-47d0-b33a-ccc5d4e913a8', '2845c506-a944-484e-a9b5-3f93d9f1532c', 'b8777d07-e042-445e-8965-89f71ddc76f5', 'APPROVED', 'b72fca38-17ff-4259-a075-5aaa5973343c', '2025-10-28 18:20:56.710332', 'b72fca38-17ff-4259-a075-5aaa5973343c', '2025-10-28 18:20:56.813638', NULL, NULL, '2025-10-28 18:20:56.665689', '2025-10-28 18:20:56.778054', NULL);
    INSERT INTO public.data_outputs_datasets (id, data_output_id, dataset_id, status, requested_by_id, requested_on, approved_by_id, approved_on, denied_by_id, denied_on, created_on, updated_on, deleted_at) VALUES ('dbb956b6-032d-469d-8334-f078d18350e8', '93556532-e5e5-4c8a-b0f6-e269a9e290cd', 'b8777d07-e042-445e-8965-89f71ddc76f5', 'APPROVED', 'b72fca38-17ff-4259-a075-5aaa5973343c', '2025-10-28 18:20:57.78607', 'b72fca38-17ff-4259-a075-5aaa5973343c', '2025-10-28 18:20:57.85556', NULL, NULL, '2025-10-28 18:20:57.755114', '2025-10-28 18:20:57.832422', NULL);
    INSERT INTO public.data_outputs_datasets (id, data_output_id, dataset_id, status, requested_by_id, requested_on, approved_by_id, approved_on, denied_by_id, denied_on, created_on, updated_on, deleted_at) VALUES ('b66d07d7-8ca3-44a0-8a46-ae0e9b83a4a7', '975b129b-d9c4-4a8a-8430-9be3be621c37', '2f645d36-ca49-45d9-97ad-28a5504e86bf', 'APPROVED', 'b72fca38-17ff-4259-a075-5aaa5973343c', '2025-10-28 18:32:30.1128', 'b72fca38-17ff-4259-a075-5aaa5973343c', '2025-10-28 18:32:30.17506', NULL, NULL, '2025-10-28 18:32:30.069273', '2025-10-28 18:32:30.156289', NULL);
    INSERT INTO public.data_outputs_datasets (id, data_output_id, dataset_id, status, requested_by_id, requested_on, approved_by_id, approved_on, denied_by_id, denied_on, created_on, updated_on, deleted_at) VALUES ('e0dc07cc-cc69-45d6-8353-b274dcf025ae', '0473d934-3993-45d5-9d25-151162f673da', '2f645d36-ca49-45d9-97ad-28a5504e86bf', 'APPROVED', 'b72fca38-17ff-4259-a075-5aaa5973343c', '2025-10-28 18:32:31.50772', 'b72fca38-17ff-4259-a075-5aaa5973343c', '2025-10-28 18:32:31.574445', NULL, NULL, '2025-10-28 18:32:31.467078', '2025-10-28 18:32:31.542455', NULL);
    INSERT INTO public.data_outputs_datasets (id, data_output_id, dataset_id, status, requested_by_id, requested_on, approved_by_id, approved_on, denied_by_id, denied_on, created_on, updated_on, deleted_at) VALUES ('d9b9c155-8cdf-4efb-90c4-b68fe4ead81b', 'b4b4ba5e-1c1a-42f8-9017-25fed591f30b', '2f645d36-ca49-45d9-97ad-28a5504e86bf', 'APPROVED', 'b72fca38-17ff-4259-a075-5aaa5973343c', '2025-10-28 18:32:32.59755', 'b72fca38-17ff-4259-a075-5aaa5973343c', '2025-10-28 18:32:32.669156', NULL, NULL, '2025-10-28 18:32:32.563944', '2025-10-28 18:32:32.644069', NULL);
    INSERT INTO public.data_outputs_datasets (id, data_output_id, dataset_id, status, requested_by_id, requested_on, approved_by_id, approved_on, denied_by_id, denied_on, created_on, updated_on, deleted_at) VALUES ('e28d72fc-f0b3-4df9-bfe9-2ececc99acdc', 'eb93308b-a5bb-4f19-90e3-cf56b0855a07', 'd10fe76b-d39d-4028-909c-aea3fd8a1405', 'APPROVED', 'b72fca38-17ff-4259-a075-5aaa5973343c', '2025-10-28 18:37:23.645055', 'b72fca38-17ff-4259-a075-5aaa5973343c', '2025-10-28 18:37:23.726583', NULL, NULL, '2025-10-28 18:37:23.61227', '2025-10-28 18:37:23.695606', NULL);
    INSERT INTO public.data_outputs_datasets (id, data_output_id, dataset_id, status, requested_by_id, requested_on, approved_by_id, approved_on, denied_by_id, denied_on, created_on, updated_on, deleted_at) VALUES ('a67720a3-3a0e-4ac8-bbcd-6fb4988e2fcc', '2458ead6-6361-4542-a5aa-5ce45cba4aa3', 'd10fe76b-d39d-4028-909c-aea3fd8a1405', 'APPROVED', 'b72fca38-17ff-4259-a075-5aaa5973343c', '2025-10-28 18:37:24.700713', 'b72fca38-17ff-4259-a075-5aaa5973343c', '2025-10-28 18:37:24.773116', NULL, NULL, '2025-10-28 18:37:24.663338', '2025-10-28 18:37:24.753503', NULL);

    -- extra data output configurations
    INSERT INTO public.data_output_configurations (id, bucket, configuration_type, suffix, path, database, database_suffix, "table", database_path, table_path, bucket_identifier, created_on, updated_on, deleted_at, schema, schema_suffix, schema_path, catalog, catalog_path) VALUES ('12346cc6-f58d-4217-88d3-6443b01d5d0f', NULL, 'GlueDataOutput', NULL, NULL, 'biomarker-discovery', '', 'omics_prod', 'biomarker-discovery', 'omics_prod', '', '2025-10-28 16:34:02.355842', NULL, NULL, NULL, NULL, NULL, NULL, NULL);
    INSERT INTO public.data_output_configurations (id, bucket, configuration_type, suffix, path, database, database_suffix, "table", database_path, table_path, bucket_identifier, created_on, updated_on, deleted_at, schema, schema_suffix, schema_path, catalog, catalog_path) VALUES ('db8e84e9-e942-4ebb-ac78-ee0fa600db5d', NULL, 'DatabricksDataOutput', NULL, NULL, NULL, NULL, 'clinical_correlation', NULL, 'clinical_correlation', '', '2025-10-28 16:34:31.5612', NULL, NULL, '', NULL, NULL, 'biomarker-discovery', 'biomarker-discovery');
    INSERT INTO public.data_output_configurations (id, bucket, configuration_type, suffix, path, database, database_suffix, "table", database_path, table_path, bucket_identifier, created_on, updated_on, deleted_at, schema, schema_suffix, schema_path, catalog, catalog_path) VALUES ('17798a65-12e2-4a5e-84c0-9948041849e0', NULL, 'GlueDataOutput', NULL, NULL, 'clinical-trial-performance', '', 'trial_master', 'clinical-trial-performance', 'trial_master', '', '2025-10-28 16:38:29.452913', NULL, NULL, NULL, NULL, NULL, NULL, NULL);
    INSERT INTO public.data_output_configurations (id, bucket, configuration_type, suffix, path, database, database_suffix, "table", database_path, table_path, bucket_identifier, created_on, updated_on, deleted_at, schema, schema_suffix, schema_path, catalog, catalog_path) VALUES ('08877d52-a5c1-4fd4-8e8d-ca3c108f2363', NULL, 'GlueDataOutput', NULL, NULL, 'clinical-trial-performance', '', 'retention_metrics', 'clinical-trial-performance', 'retention_metrics', '', '2025-10-28 16:39:02.184116', NULL, NULL, NULL, NULL, NULL, NULL, NULL);
    INSERT INTO public.data_output_configurations (id, bucket, configuration_type, suffix, path, database, database_suffix, "table", database_path, table_path, bucket_identifier, created_on, updated_on, deleted_at, schema, schema_suffix, schema_path, catalog, catalog_path) VALUES ('43a09ac9-9576-4436-94f7-79339510c887', NULL, 'GlueDataOutput', NULL, NULL, 'clinical-data-quality-monitor', '', '*', 'clinical-data-quality-monitor', '*', '', '2025-10-28 17:56:57.829806', NULL, NULL, NULL, NULL, NULL, NULL, NULL);
    INSERT INTO public.data_output_configurations (id, bucket, configuration_type, suffix, path, database, database_suffix, "table", database_path, table_path, bucket_identifier, created_on, updated_on, deleted_at, schema, schema_suffix, schema_path, catalog, catalog_path) VALUES ('3871765b-881b-4654-a0ec-7e1db6a2de2f', NULL, 'GlueDataOutput', NULL, NULL, 'clinical-data-quality-monitor', '', 'clinical_data_quality', 'clinical-data-quality-monitor', 'clinical_data_quality', '', '2025-10-28 17:57:32.996449', NULL, NULL, NULL, NULL, NULL, NULL, NULL);
    INSERT INTO public.data_output_configurations (id, bucket, configuration_type, suffix, path, database, database_suffix, "table", database_path, table_path, bucket_identifier, created_on, updated_on, deleted_at, schema, schema_suffix, schema_path, catalog, catalog_path) VALUES ('3f9ba1f0-84fb-4a5c-858d-11b1bca33b6b', NULL, 'GlueDataOutput', NULL, NULL, 'regulatory-submission-tracker', '', '*', 'regulatory-submission-tracker', '*', '', '2025-10-28 17:59:45.865277', NULL, NULL, NULL, NULL, NULL, NULL, NULL);
    INSERT INTO public.data_output_configurations (id, bucket, configuration_type, suffix, path, database, database_suffix, "table", database_path, table_path, bucket_identifier, created_on, updated_on, deleted_at, schema, schema_suffix, schema_path, catalog, catalog_path) VALUES ('b1a77a22-5dac-4631-9e22-b6129c67d037', 'datalake', 'S3DataOutput', 'regulatory-submission-tracker', 'compliance-audit-trail', NULL, NULL, NULL, NULL, NULL, NULL, '2025-10-28 18:00:21.273949', NULL, NULL, NULL, NULL, NULL, NULL, NULL);
    INSERT INTO public.data_output_configurations (id, bucket, configuration_type, suffix, path, database, database_suffix, "table", database_path, table_path, bucket_identifier, created_on, updated_on, deleted_at, schema, schema_suffix, schema_path, catalog, catalog_path) VALUES ('10889f18-7156-4617-84f7-89aac3370027', 'datalake', 'S3DataOutput', 'safety-signal-detection-system', 'adverse-event-db', NULL, NULL, NULL, NULL, NULL, NULL, '2025-10-28 18:02:28.302038', NULL, NULL, NULL, NULL, NULL, NULL, NULL);
    INSERT INTO public.data_output_configurations (id, bucket, configuration_type, suffix, path, database, database_suffix, "table", database_path, table_path, bucket_identifier, created_on, updated_on, deleted_at, schema, schema_suffix, schema_path, catalog, catalog_path) VALUES ('2cd814a6-20fe-430e-ba62-ace42b10897e', 'datalake', 'S3DataOutput', 'safety-signal-detection-system', 'signal-analytics', NULL, NULL, NULL, NULL, NULL, NULL, '2025-10-28 18:03:02.685892', NULL, NULL, NULL, NULL, NULL, NULL, NULL);
    INSERT INTO public.data_output_configurations (id, bucket, configuration_type, suffix, path, database, database_suffix, "table", database_path, table_path, bucket_identifier, created_on, updated_on, deleted_at, schema, schema_suffix, schema_path, catalog, catalog_path) VALUES ('83e1a9e2-19ec-4b31-aeb5-40ac81e3e27c', 'datalake', 'S3DataOutput', 'drug-supply-chain-optimization', 'manufactoring', NULL, NULL, NULL, NULL, NULL, NULL, '2025-10-28 18:06:26.226197', NULL, NULL, NULL, NULL, NULL, NULL, NULL);
    INSERT INTO public.data_output_configurations (id, bucket, configuration_type, suffix, path, database, database_suffix, "table", database_path, table_path, bucket_identifier, created_on, updated_on, deleted_at, schema, schema_suffix, schema_path, catalog, catalog_path) VALUES ('f8df446d-0211-4ee8-81e1-5410b6419e6e', 'datalake', 'S3DataOutput', 'drug-supply-chain-optimization', 'shipment-logs', NULL, NULL, NULL, NULL, NULL, NULL, '2025-10-28 18:07:05.924953', NULL, NULL, NULL, NULL, NULL, NULL, NULL);
    INSERT INTO public.data_output_configurations (id, bucket, configuration_type, suffix, path, database, database_suffix, "table", database_path, table_path, bucket_identifier, created_on, updated_on, deleted_at, schema, schema_suffix, schema_path, catalog, catalog_path) VALUES ('7bb075e0-70c3-44c2-811e-cd7bba757927', 'datalake', 'S3DataOutput', 'drug-supply-chain-optimization', 'site-inventory', NULL, NULL, NULL, NULL, NULL, NULL, '2025-10-28 18:07:33.673309', NULL, NULL, NULL, NULL, NULL, NULL, NULL);
    INSERT INTO public.data_output_configurations (id, bucket, configuration_type, suffix, path, database, database_suffix, "table", database_path, table_path, bucket_identifier, created_on, updated_on, deleted_at, schema, schema_suffix, schema_path, catalog, catalog_path) VALUES ('dc1cc43b-698e-424c-af5b-27f68f0c0781', NULL, 'DatabricksDataOutput', NULL, NULL, NULL, NULL, 'custmer-master-data', NULL, 'custmer-master-data', '', '2025-10-28 18:09:39.615998', NULL, NULL, '', NULL, NULL, 'customer-intelligence-platform', 'customer-intelligence-platform');
    INSERT INTO public.data_output_configurations (id, bucket, configuration_type, suffix, path, database, database_suffix, "table", database_path, table_path, bucket_identifier, created_on, updated_on, deleted_at, schema, schema_suffix, schema_path, catalog, catalog_path) VALUES ('8d18f556-ccd2-425e-8e48-f24c185a053e', NULL, 'DatabricksDataOutput', NULL, NULL, NULL, NULL, 'engagement-activity', NULL, 'engagement-activity', '', '2025-10-28 18:10:04.633488', NULL, NULL, '', NULL, NULL, 'customer-intelligence-platform', 'customer-intelligence-platform');
    INSERT INTO public.data_output_configurations (id, bucket, configuration_type, suffix, path, database, database_suffix, "table", database_path, table_path, bucket_identifier, created_on, updated_on, deleted_at, schema, schema_suffix, schema_path, catalog, catalog_path) VALUES ('da19237f-eaf6-4a0a-8090-a2b724189978', NULL, 'DatabricksDataOutput', NULL, NULL, NULL, NULL, '*', NULL, '*', '', '2025-10-28 18:12:07.053708', NULL, NULL, '', NULL, NULL, 'enterprise-knowledge-graph', 'enterprise-knowledge-graph');
    INSERT INTO public.data_output_configurations (id, bucket, configuration_type, suffix, path, database, database_suffix, "table", database_path, table_path, bucket_identifier, created_on, updated_on, deleted_at, schema, schema_suffix, schema_path, catalog, catalog_path) VALUES ('502d4484-e332-4854-a2d8-7c387906f459', NULL, 'DatabricksDataOutput', NULL, NULL, NULL, NULL, '*', NULL, '*', '', '2025-10-28 18:12:22.129267', NULL, NULL, '', NULL, NULL, 'enterprise-knowledge-graph', 'enterprise-knowledge-graph');
    INSERT INTO public.data_output_configurations (id, bucket, configuration_type, suffix, path, database, database_suffix, "table", database_path, table_path, bucket_identifier, created_on, updated_on, deleted_at, schema, schema_suffix, schema_path, catalog, catalog_path) VALUES ('af1e8de6-3dc8-43e5-9c74-597c5676c137', NULL, 'GlueDataOutput', NULL, NULL, 'employee-productivity', '', '*', 'employee-productivity', '*', '', '2025-10-28 18:14:25.794897', NULL, NULL, NULL, NULL, NULL, NULL, NULL);
    INSERT INTO public.data_output_configurations (id, bucket, configuration_type, suffix, path, database, database_suffix, "table", database_path, table_path, bucket_identifier, created_on, updated_on, deleted_at, schema, schema_suffix, schema_path, catalog, catalog_path) VALUES ('677a9352-a968-44be-a5df-6e5e4094ebe7', NULL, 'GlueDataOutput', NULL, NULL, 'employee-productivity', '', '*', 'employee-productivity', '*', '', '2025-10-28 18:15:10.920954', NULL, NULL, NULL, NULL, NULL, NULL, NULL);
    INSERT INTO public.data_output_configurations (id, bucket, configuration_type, suffix, path, database, database_suffix, "table", database_path, table_path, bucket_identifier, created_on, updated_on, deleted_at, schema, schema_suffix, schema_path, catalog, catalog_path) VALUES ('44daa0b4-a027-4e5b-b233-b8342da71c38', NULL, 'DatabricksDataOutput', NULL, NULL, NULL, NULL, '*', NULL, '*', '', '2025-10-28 18:17:04.80167', NULL, NULL, '', NULL, NULL, 'dei-insights-dashboard', 'dei-insights-dashboard');
    INSERT INTO public.data_output_configurations (id, bucket, configuration_type, suffix, path, database, database_suffix, "table", database_path, table_path, bucket_identifier, created_on, updated_on, deleted_at, schema, schema_suffix, schema_path, catalog, catalog_path) VALUES ('e0875fbb-f2ff-4804-a9ba-c9c3b006fca3', NULL, 'DatabricksDataOutput', NULL, NULL, NULL, NULL, '*', NULL, '*', '', '2025-10-28 18:17:20.241114', NULL, NULL, '', NULL, NULL, 'dei-insights-dashboard', 'dei-insights-dashboard');
    INSERT INTO public.data_output_configurations (id, bucket, configuration_type, suffix, path, database, database_suffix, "table", database_path, table_path, bucket_identifier, created_on, updated_on, deleted_at, schema, schema_suffix, schema_path, catalog, catalog_path) VALUES ('ff632a7d-4ddd-4fd1-800a-ba8098c26c18', NULL, 'GlueDataOutput', NULL, NULL, 'sales-performance-model', '', '*', 'sales-performance-model', '*', '', '2025-10-28 18:19:44.674412', NULL, NULL, NULL, NULL, NULL, NULL, NULL);
    INSERT INTO public.data_output_configurations (id, bucket, configuration_type, suffix, path, database, database_suffix, "table", database_path, table_path, bucket_identifier, created_on, updated_on, deleted_at, schema, schema_suffix, schema_path, catalog, catalog_path) VALUES ('e8129149-bdb5-4c15-8211-4b6b83fcb64a', NULL, 'GlueDataOutput', NULL, NULL, 'sales-performance-model', '', '*', 'sales-performance-model', '*', '', '2025-10-28 18:20:01.401722', NULL, NULL, NULL, NULL, NULL, NULL, NULL);
    INSERT INTO public.data_output_configurations (id, bucket, configuration_type, suffix, path, database, database_suffix, "table", database_path, table_path, bucket_identifier, created_on, updated_on, deleted_at, schema, schema_suffix, schema_path, catalog, catalog_path) VALUES ('74db2ed9-b28a-4875-8eb5-17b9fe445c8d', NULL, 'GlueDataOutput', NULL, NULL, 'patient-stratification-engine', '', '*', 'patient-stratification-engine', '*', '', '2025-10-28 18:30:00.415068', NULL, NULL, NULL, NULL, NULL, NULL, NULL);
    INSERT INTO public.data_output_configurations (id, bucket, configuration_type, suffix, path, database, database_suffix, "table", database_path, table_path, bucket_identifier, created_on, updated_on, deleted_at, schema, schema_suffix, schema_path, catalog, catalog_path) VALUES ('22e9a60d-e8f8-4bf5-9efd-500f407dbb47', NULL, 'GlueDataOutput', NULL, NULL, 'patient-stratification-engine', '', '*', 'patient-stratification-engine', '*', '', '2025-10-28 18:30:28.256785', NULL, NULL, NULL, NULL, NULL, NULL, NULL);
    INSERT INTO public.data_output_configurations (id, bucket, configuration_type, suffix, path, database, database_suffix, "table", database_path, table_path, bucket_identifier, created_on, updated_on, deleted_at, schema, schema_suffix, schema_path, catalog, catalog_path) VALUES ('2ea14ab5-a45b-4799-86fc-d6285377a4d6', NULL, 'GlueDataOutput', NULL, NULL, 'patient-stratification-engine', '', '*', 'patient-stratification-engine', '*', '', '2025-10-28 18:30:57.415321', NULL, NULL, NULL, NULL, NULL, NULL, NULL);
    INSERT INTO public.data_output_configurations (id, bucket, configuration_type, suffix, path, database, database_suffix, "table", database_path, table_path, bucket_identifier, created_on, updated_on, deleted_at, schema, schema_suffix, schema_path, catalog, catalog_path) VALUES ('bbed68d4-8bda-420a-a6cf-37cb32ba9d45', NULL, 'GlueDataOutput', NULL, NULL, 'rd-portfolio-prioritization-model', '', '*', 'rd-portfolio-prioritization-model', '*', '', '2025-10-28 18:35:42.552188', NULL, NULL, NULL, NULL, NULL, NULL, NULL);
    INSERT INTO public.data_output_configurations (id, bucket, configuration_type, suffix, path, database, database_suffix, "table", database_path, table_path, bucket_identifier, created_on, updated_on, deleted_at, schema, schema_suffix, schema_path, catalog, catalog_path) VALUES ('8b6b6b35-c155-4f13-a847-c7598b08cea9', NULL, 'GlueDataOutput', NULL, NULL, 'rd-portfolio-prioritization-model', '', '*', 'rd-portfolio-prioritization-model', '*', '', '2025-10-28 18:36:26.66997', NULL, NULL, NULL, NULL, NULL, NULL, NULL);

-- INSERT ROLE ASSIGNMENTS FOR DATA PRODUCTS
    INSERT INTO public.role_assignments_data_product (id, data_product_id, user_id, role_id, decision, requested_on, decided_on, decided_by_id)
    VALUES
        -- R&D Program Pipeline
        ('46060c7b-ad7c-4405-aa7b-e5f0aa0b61ae', rnd_program_pipeline_id, john_id, product_owner_id, 'APPROVED', timezone('utc'::text, CURRENT_TIMESTAMP), timezone('utc'::text, CURRENT_TIMESTAMP), john_id),
        ('cbf9b323-c37d-44c4-a88f-05657c393f57', rnd_program_pipeline_id, bob_id, product_member_id, 'APPROVED', timezone('utc'::text, CURRENT_TIMESTAMP), timezone('utc'::text, CURRENT_TIMESTAMP), john_id),
        ('6afe2dc4-c59d-4a7e-9f63-05813190041b', rnd_program_pipeline_id, alice_id, product_member_id, 'APPROVED', timezone('utc'::text, CURRENT_TIMESTAMP), timezone('utc'::text, CURRENT_TIMESTAMP), john_id),
        ('b9206f00-dfad-4813-a531-7777097f6f40', rnd_program_pipeline_id, jane_id, product_owner_id, 'APPROVED', timezone('utc'::text, CURRENT_TIMESTAMP), timezone('utc'::text, CURRENT_TIMESTAMP), john_id),

        -- AI Model for Histology Images
        ('9dcb7545-3d82-4230-aa45-f99724a45f77', ai_model_histology_images_id, john_id, product_member_id, 'APPROVED', timezone('utc'::text, CURRENT_TIMESTAMP), timezone('utc'::text, CURRENT_TIMESTAMP), john_id),
        ('3d6c1f8c-0d57-4aaa-b2e0-79dfff456dce', ai_model_histology_images_id, bob_id, product_owner_id, 'APPROVED', timezone('utc'::text, CURRENT_TIMESTAMP), timezone('utc'::text, CURRENT_TIMESTAMP), john_id),
        ('135b71f6-4836-4f84-91c9-35fc1dda3781', ai_model_histology_images_id, alice_id, product_member_id, 'APPROVED', timezone('utc'::text, CURRENT_TIMESTAMP), timezone('utc'::text, CURRENT_TIMESTAMP), john_id),
        ('310e9de4-0218-4167-b0b4-378f4a53d51f', ai_model_histology_images_id, jane_id, product_owner_id, 'APPROVED', timezone('utc'::text, CURRENT_TIMESTAMP), timezone('utc'::text, CURRENT_TIMESTAMP), john_id),

        -- Demand and Forecast
        ('97ac436c-598b-4fe9-a25a-1f9da2b348b2', demand_forecast_id, john_id, product_member_id, 'APPROVED', timezone('utc'::text, CURRENT_TIMESTAMP), timezone('utc'::text, CURRENT_TIMESTAMP), john_id),
        ('d4dc3e0e-8316-4f27-a377-15276d33541b', demand_forecast_id, bob_id, product_member_id, 'APPROVED', timezone('utc'::text, CURRENT_TIMESTAMP), timezone('utc'::text, CURRENT_TIMESTAMP), john_id),
        ('b1f839de-8e36-4e5f-817d-6ff247d15b0e', demand_forecast_id, alice_id, product_owner_id, 'APPROVED', timezone('utc'::text, CURRENT_TIMESTAMP), timezone('utc'::text, CURRENT_TIMESTAMP), john_id),
        ('f90a21f1-49f1-42ee-a310-fbeb95993c90', demand_forecast_id, jane_id, product_member_id, 'APPROVED', timezone('utc'::text, CURRENT_TIMESTAMP), timezone('utc'::text, CURRENT_TIMESTAMP), john_id),

        -- Prediction Model
        ('db656db9-0d9c-4740-9cc3-b6ac6e05c634', prediction_model_id, john_id, product_member_id, 'APPROVED', timezone('utc'::text, CURRENT_TIMESTAMP), timezone('utc'::text, CURRENT_TIMESTAMP), john_id),
        ('7a0c32aa-0082-4b88-b5db-8a50443d9556', prediction_model_id, bob_id, product_member_id, 'APPROVED', timezone('utc'::text, CURRENT_TIMESTAMP), timezone('utc'::text, CURRENT_TIMESTAMP), john_id),
        ('3841cd2a-bcf7-4720-952e-4995d330d743', prediction_model_id, alice_id, product_owner_id, 'APPROVED', timezone('utc'::text, CURRENT_TIMESTAMP), timezone('utc'::text, CURRENT_TIMESTAMP), john_id);

    INSERT INTO public.role_assignments_data_product (id, data_product_id, user_id, role_id, decision, requested_by_id, requested_on, decided_by_id, decided_on, created_on, updated_on, deleted_at) VALUES ('3502276b-b9b3-47f2-901b-3c4502fb7d1e', '81815c4c-f323-4cf1-b25b-f43f231f510f', 'b72fca38-17ff-4259-a075-5aaa5973343c', 'e43b6f7a-e776-49b2-9b51-117d8644d971', 'APPROVED', 'b72fca38-17ff-4259-a075-5aaa5973343c', '2025-10-28 16:32:57.902449', 'b72fca38-17ff-4259-a075-5aaa5973343c', '2025-10-28 16:32:57.910346', '2025-10-28 16:32:57.89898', '2025-10-28 16:32:57.908607', NULL);
    INSERT INTO public.role_assignments_data_product (id, data_product_id, user_id, role_id, decision, requested_by_id, requested_on, decided_by_id, decided_on, created_on, updated_on, deleted_at) VALUES ('5a1f650c-a4cf-4a59-825c-08fa699617ca', '6e580d91-14ea-495e-a6d7-5db236a5c1d5', 'd9f3aae2-391e-46c1-aec6-a7ae1114a7da', 'e43b6f7a-e776-49b2-9b51-117d8644d971', 'APPROVED', 'b72fca38-17ff-4259-a075-5aaa5973343c', '2025-10-28 16:37:39.90644', 'b72fca38-17ff-4259-a075-5aaa5973343c', '2025-10-28 16:37:39.917665', '2025-10-28 16:37:39.901065', '2025-10-28 16:37:39.914117', NULL);
    INSERT INTO public.role_assignments_data_product (id, data_product_id, user_id, role_id, decision, requested_by_id, requested_on, decided_by_id, decided_on, created_on, updated_on, deleted_at) VALUES ('4c94a3f1-1fd3-44ea-aef2-c220773eb969', '6e580d91-14ea-495e-a6d7-5db236a5c1d5', 'b72fca38-17ff-4259-a075-5aaa5973343c', 'e43b6f7a-e776-49b2-9b51-117d8644d971', 'APPROVED', 'b72fca38-17ff-4259-a075-5aaa5973343c', '2025-10-28 16:41:33.829482', 'b72fca38-17ff-4259-a075-5aaa5973343c', '2025-10-28 16:41:33.839374', '2025-10-28 16:41:33.822617', '2025-10-28 16:41:33.836909', NULL);
    INSERT INTO public.role_assignments_data_product (id, data_product_id, user_id, role_id, decision, requested_by_id, requested_on, decided_by_id, decided_on, created_on, updated_on, deleted_at) VALUES ('da86ebb4-5e20-4be8-88ed-3d33a890c7a9', '9fa5e299-fcc4-45e0-b48d-cc3deb68eefe', 'b72fca38-17ff-4259-a075-5aaa5973343c', 'e43b6f7a-e776-49b2-9b51-117d8644d971', 'APPROVED', 'b72fca38-17ff-4259-a075-5aaa5973343c', '2025-10-28 17:56:19.876226', 'b72fca38-17ff-4259-a075-5aaa5973343c', '2025-10-28 17:56:19.881112', '2025-10-28 17:56:19.873821', '2025-10-28 17:56:19.880351', NULL);
    INSERT INTO public.role_assignments_data_product (id, data_product_id, user_id, role_id, decision, requested_by_id, requested_on, decided_by_id, decided_on, created_on, updated_on, deleted_at) VALUES ('d3695c76-2163-41f7-bff7-bd1dedcc8096', 'fbcd7899-2763-4659-bd28-2a278910ef85', 'b72fca38-17ff-4259-a075-5aaa5973343c', 'e43b6f7a-e776-49b2-9b51-117d8644d971', 'APPROVED', 'b72fca38-17ff-4259-a075-5aaa5973343c', '2025-10-28 17:59:19.862559', 'b72fca38-17ff-4259-a075-5aaa5973343c', '2025-10-28 17:59:19.8694', '2025-10-28 17:59:19.858731', '2025-10-28 17:59:19.867782', NULL);
    INSERT INTO public.role_assignments_data_product (id, data_product_id, user_id, role_id, decision, requested_by_id, requested_on, decided_by_id, decided_on, created_on, updated_on, deleted_at) VALUES ('bfac90c4-9290-472b-9123-0b2f4ae45d2e', 'fbcd7899-2763-4659-bd28-2a278910ef85', 'd9f3aae2-391e-46c1-aec6-a7ae1114a7da', 'e43b6f7a-e776-49b2-9b51-117d8644d971', 'APPROVED', 'b72fca38-17ff-4259-a075-5aaa5973343c', '2025-10-28 17:59:19.88175', 'b72fca38-17ff-4259-a075-5aaa5973343c', '2025-10-28 17:59:19.887169', '2025-10-28 17:59:19.874011', '2025-10-28 17:59:19.885869', NULL);
    INSERT INTO public.role_assignments_data_product (id, data_product_id, user_id, role_id, decision, requested_by_id, requested_on, decided_by_id, decided_on, created_on, updated_on, deleted_at) VALUES ('5c6f6c98-1401-4ca1-a577-0a9e8db701a9', '08039e5d-50a7-447a-b691-f5dc6b420dea', 'd9f3aae2-391e-46c1-aec6-a7ae1114a7da', 'e43b6f7a-e776-49b2-9b51-117d8644d971', 'APPROVED', 'b72fca38-17ff-4259-a075-5aaa5973343c', '2025-10-28 18:01:54.338886', 'b72fca38-17ff-4259-a075-5aaa5973343c', '2025-10-28 18:01:54.343617', '2025-10-28 18:01:54.336493', '2025-10-28 18:01:54.342708', NULL);
    INSERT INTO public.role_assignments_data_product (id, data_product_id, user_id, role_id, decision, requested_by_id, requested_on, decided_by_id, decided_on, created_on, updated_on, deleted_at) VALUES ('54b4577d-f571-4d53-99e5-e83380c47438', '08039e5d-50a7-447a-b691-f5dc6b420dea', 'b72fca38-17ff-4259-a075-5aaa5973343c', 'e43b6f7a-e776-49b2-9b51-117d8644d971', 'APPROVED', 'b72fca38-17ff-4259-a075-5aaa5973343c', '2025-10-28 18:01:54.352817', 'b72fca38-17ff-4259-a075-5aaa5973343c', '2025-10-28 18:01:54.356766', '2025-10-28 18:01:54.347504', '2025-10-28 18:01:54.356012', NULL);
    INSERT INTO public.role_assignments_data_product (id, data_product_id, user_id, role_id, decision, requested_by_id, requested_on, decided_by_id, decided_on, created_on, updated_on, deleted_at) VALUES ('7c5123ac-0e60-43a1-bdfd-54ff59d4164c', '625b65b6-13d9-4c8c-a669-865e36fc3dfc', 'b72fca38-17ff-4259-a075-5aaa5973343c', 'e43b6f7a-e776-49b2-9b51-117d8644d971', 'APPROVED', 'b72fca38-17ff-4259-a075-5aaa5973343c', '2025-10-28 18:05:44.192946', 'b72fca38-17ff-4259-a075-5aaa5973343c', '2025-10-28 18:05:44.198121', '2025-10-28 18:05:44.190775', '2025-10-28 18:05:44.197289', NULL);
    INSERT INTO public.role_assignments_data_product (id, data_product_id, user_id, role_id, decision, requested_by_id, requested_on, decided_by_id, decided_on, created_on, updated_on, deleted_at) VALUES ('44cec659-3489-447d-850f-c8ea65ec6f5a', '22488fe0-c30a-4447-972e-3eb22a1bd266', 'b72fca38-17ff-4259-a075-5aaa5973343c', 'e43b6f7a-e776-49b2-9b51-117d8644d971', 'APPROVED', 'b72fca38-17ff-4259-a075-5aaa5973343c', '2025-10-28 18:09:11.683137', 'b72fca38-17ff-4259-a075-5aaa5973343c', '2025-10-28 18:09:11.688498', '2025-10-28 18:09:11.679884', '2025-10-28 18:09:11.6877', NULL);
    INSERT INTO public.role_assignments_data_product (id, data_product_id, user_id, role_id, decision, requested_by_id, requested_on, decided_by_id, decided_on, created_on, updated_on, deleted_at) VALUES ('7676860f-32be-49b2-adbf-85087ce9da9d', '90e65438-a942-43e0-a4a9-ee406b92df65', 'b72fca38-17ff-4259-a075-5aaa5973343c', 'e43b6f7a-e776-49b2-9b51-117d8644d971', 'APPROVED', 'b72fca38-17ff-4259-a075-5aaa5973343c', '2025-10-28 18:11:47.504193', 'b72fca38-17ff-4259-a075-5aaa5973343c', '2025-10-28 18:11:47.508956', '2025-10-28 18:11:47.502037', '2025-10-28 18:11:47.508201', NULL);
    INSERT INTO public.role_assignments_data_product (id, data_product_id, user_id, role_id, decision, requested_by_id, requested_on, decided_by_id, decided_on, created_on, updated_on, deleted_at) VALUES ('8591f923-2696-4aa6-98ed-e396c7cb2ded', '68b28e38-3faa-45ca-9d00-3830d0a7b108', 'b72fca38-17ff-4259-a075-5aaa5973343c', 'e43b6f7a-e776-49b2-9b51-117d8644d971', 'APPROVED', 'b72fca38-17ff-4259-a075-5aaa5973343c', '2025-10-28 18:14:07.388736', 'b72fca38-17ff-4259-a075-5aaa5973343c', '2025-10-28 18:14:07.394139', '2025-10-28 18:14:07.385202', '2025-10-28 18:14:07.393015', NULL);
    INSERT INTO public.role_assignments_data_product (id, data_product_id, user_id, role_id, decision, requested_by_id, requested_on, decided_by_id, decided_on, created_on, updated_on, deleted_at) VALUES ('437b00ab-7473-4a31-b5ff-f15794d9b56e', '97af957a-70c4-465d-95f2-f70c11af8da0', 'b72fca38-17ff-4259-a075-5aaa5973343c', 'e43b6f7a-e776-49b2-9b51-117d8644d971', 'APPROVED', 'b72fca38-17ff-4259-a075-5aaa5973343c', '2025-10-28 18:16:50.723993', 'b72fca38-17ff-4259-a075-5aaa5973343c', '2025-10-28 18:16:50.72973', '2025-10-28 18:16:50.720213', '2025-10-28 18:16:50.728845', NULL);
    INSERT INTO public.role_assignments_data_product (id, data_product_id, user_id, role_id, decision, requested_by_id, requested_on, decided_by_id, decided_on, created_on, updated_on, deleted_at) VALUES ('9ef6eaae-f46e-440a-8cd6-88d30de94516', '86b74246-734f-4cea-a984-3dd0d27fc565', 'b72fca38-17ff-4259-a075-5aaa5973343c', 'e43b6f7a-e776-49b2-9b51-117d8644d971', 'APPROVED', 'b72fca38-17ff-4259-a075-5aaa5973343c', '2025-10-28 18:19:20.46085', 'b72fca38-17ff-4259-a075-5aaa5973343c', '2025-10-28 18:19:20.465528', '2025-10-28 18:19:20.458588', '2025-10-28 18:19:20.464641', NULL);
    INSERT INTO public.role_assignments_data_product (id, data_product_id, user_id, role_id, decision, requested_by_id, requested_on, decided_by_id, decided_on, created_on, updated_on, deleted_at) VALUES ('884c0d5e-e442-4bdf-8a67-c0e752e80d86', '58b837a5-33d0-41cf-bf95-eb9af846f4d0', 'b72fca38-17ff-4259-a075-5aaa5973343c', 'e43b6f7a-e776-49b2-9b51-117d8644d971', 'APPROVED', 'b72fca38-17ff-4259-a075-5aaa5973343c', '2025-10-28 18:29:24.843296', 'b72fca38-17ff-4259-a075-5aaa5973343c', '2025-10-28 18:29:24.848553', '2025-10-28 18:29:24.841102', '2025-10-28 18:29:24.847524', NULL);
    INSERT INTO public.role_assignments_data_product (id, data_product_id, user_id, role_id, decision, requested_by_id, requested_on, decided_by_id, decided_on, created_on, updated_on, deleted_at) VALUES ('240dbbb2-ea7f-4900-8a02-30ec084e0a5d', 'ccdc13fa-4a1a-4dde-ad1c-efa0d58eafb7', 'b72fca38-17ff-4259-a075-5aaa5973343c', 'e43b6f7a-e776-49b2-9b51-117d8644d971', 'APPROVED', 'b72fca38-17ff-4259-a075-5aaa5973343c', '2025-10-28 18:34:32.318606', 'b72fca38-17ff-4259-a075-5aaa5973343c', '2025-10-28 18:34:32.323823', '2025-10-28 18:34:32.316108', '2025-10-28 18:34:32.323078', NULL);

    -- INSERT ROLE ASSIGNMENTS FOR DATASETS
    INSERT INTO public.role_assignments_dataset (id, dataset_id, user_id, role_id, decision, requested_on, decided_on, decided_by_id)
    VALUES
        -- Histology R&D Dataset
        ('773c12c0-ec70-4178-b387-9a87ba0a9dbc', histology_rnd_dataset_id, john_id, dataset_owner_id, 'APPROVED', timezone('utc'::text, CURRENT_TIMESTAMP), timezone('utc'::text, CURRENT_TIMESTAMP), john_id),
        ('2c686614-7986-4cac-a96c-62551ffafb4c', histology_rnd_dataset_id, jane_id, dataset_owner_id, 'APPROVED', timezone('utc'::text, CURRENT_TIMESTAMP), timezone('utc'::text, CURRENT_TIMESTAMP), john_id),

        -- Histology Clinical Dataset
        ('8ffa9aa9-35bf-4815-8843-e8833999c764', histology_clinical_dataset_id, john_id, dataset_owner_id, 'APPROVED', timezone('utc'::text, CURRENT_TIMESTAMP), timezone('utc'::text, CURRENT_TIMESTAMP), john_id),
        ('8ca03984-dda3-4b11-9bea-3c69fc4d2414', histology_clinical_dataset_id, bob_id, dataset_owner_id, 'APPROVED', timezone('utc'::text, CURRENT_TIMESTAMP), timezone('utc'::text, CURRENT_TIMESTAMP), john_id),
        ('882d12a5-58f2-41d3-8064-97631b153492', histology_clinical_dataset_id, jane_id, dataset_owner_id, 'APPROVED', timezone('utc'::text, CURRENT_TIMESTAMP), timezone('utc'::text, CURRENT_TIMESTAMP), john_id),

        -- Drug Pipeline Dataset
        ('ac0db781-60c2-4d7e-92d1-4fbb0b6c9133', drug_pipeline_dataset_id, bob_id, dataset_owner_id, 'APPROVED', timezone('utc'::text, CURRENT_TIMESTAMP), timezone('utc'::text, CURRENT_TIMESTAMP), john_id),
        ('ce9bdf7e-8fb4-49c9-af05-be618f26b2f7', drug_pipeline_dataset_id, jane_id, dataset_owner_id, 'APPROVED', timezone('utc'::text, CURRENT_TIMESTAMP), timezone('utc'::text, CURRENT_TIMESTAMP), john_id),

        -- Demand Forecast Dataset
        ('c6ccef1f-ba1a-4dc5-b0c4-5a2b8a9fd265', demand_forecast_dataset_id, alice_id, dataset_owner_id, 'APPROVED', timezone('utc'::text, CURRENT_TIMESTAMP), timezone('utc'::text, CURRENT_TIMESTAMP), john_id),

        -- Proteomics Dataset
        ('e790b201-4275-4c01-aeac-a632ce773454', proteomics_dataset_id, jane_id, dataset_owner_id, 'APPROVED', timezone('utc'::text, CURRENT_TIMESTAMP), timezone('utc'::text, CURRENT_TIMESTAMP), john_id);
    INSERT INTO public.role_assignments_dataset (id, dataset_id, user_id, role_id, decision, requested_by_id, requested_on, decided_by_id, decided_on, created_on, updated_on, deleted_at) VALUES ('78bf426f-fc7f-4092-8082-53d090810526', '0c1e0db2-9fb5-4b7e-98a5-75fc43b642f4', 'b72fca38-17ff-4259-a075-5aaa5973343c', '9a9d7deb-14d9-4257-a986-7900aa70ef8f', 'APPROVED', 'b72fca38-17ff-4259-a075-5aaa5973343c', '2025-10-28 16:36:34.519846', 'b72fca38-17ff-4259-a075-5aaa5973343c', '2025-10-28 16:36:34.528832', '2025-10-28 16:36:34.508058', '2025-10-28 16:36:34.526994', NULL);
    INSERT INTO public.role_assignments_dataset (id, dataset_id, user_id, role_id, decision, requested_by_id, requested_on, decided_by_id, decided_on, created_on, updated_on, deleted_at) VALUES ('606e290e-a9bb-46d3-8e1c-dda9bf3589d6', '01fec372-0398-477c-b928-d8ce2423d5bb', 'd9f3aae2-391e-46c1-aec6-a7ae1114a7da', '9a9d7deb-14d9-4257-a986-7900aa70ef8f', 'APPROVED', 'b72fca38-17ff-4259-a075-5aaa5973343c', '2025-10-28 16:41:09.259352', 'b72fca38-17ff-4259-a075-5aaa5973343c', '2025-10-28 16:41:09.264755', '2025-10-28 16:41:09.25528', '2025-10-28 16:41:09.263492', NULL);
    INSERT INTO public.role_assignments_dataset (id, dataset_id, user_id, role_id, decision, requested_by_id, requested_on, decided_by_id, decided_on, created_on, updated_on, deleted_at) VALUES ('553a45e5-3add-45be-b672-b945b29a4c8e', 'd7cef1cf-6e81-44b2-bab6-a6d4c85b52e5', 'b72fca38-17ff-4259-a075-5aaa5973343c', '9a9d7deb-14d9-4257-a986-7900aa70ef8f', 'APPROVED', 'b72fca38-17ff-4259-a075-5aaa5973343c', '2025-10-28 17:58:22.350309', 'b72fca38-17ff-4259-a075-5aaa5973343c', '2025-10-28 17:58:22.355657', '2025-10-28 17:58:22.34657', '2025-10-28 17:58:22.354775', NULL);
    INSERT INTO public.role_assignments_dataset (id, dataset_id, user_id, role_id, decision, requested_by_id, requested_on, decided_by_id, decided_on, created_on, updated_on, deleted_at) VALUES ('8cb3b757-0a60-46c1-8f23-ec6a33d362cf', 'd82a116f-2e70-40ae-94d1-782a0c79ce05', 'b72fca38-17ff-4259-a075-5aaa5973343c', '9a9d7deb-14d9-4257-a986-7900aa70ef8f', 'APPROVED', 'b72fca38-17ff-4259-a075-5aaa5973343c', '2025-10-28 18:01:09.828662', 'b72fca38-17ff-4259-a075-5aaa5973343c', '2025-10-28 18:01:09.834689', '2025-10-28 18:01:09.824072', '2025-10-28 18:01:09.833379', NULL);
    INSERT INTO public.role_assignments_dataset (id, dataset_id, user_id, role_id, decision, requested_by_id, requested_on, decided_by_id, decided_on, created_on, updated_on, deleted_at) VALUES ('eefc1191-874e-4c05-bdf7-2d5afe6b15c1', 'a1927636-c1c2-4834-8d0b-05acff4d825e', 'b72fca38-17ff-4259-a075-5aaa5973343c', '9a9d7deb-14d9-4257-a986-7900aa70ef8f', 'APPROVED', 'b72fca38-17ff-4259-a075-5aaa5973343c', '2025-10-28 18:04:02.541438', 'b72fca38-17ff-4259-a075-5aaa5973343c', '2025-10-28 18:04:02.547411', '2025-10-28 18:04:02.537952', '2025-10-28 18:04:02.546204', NULL);
    INSERT INTO public.role_assignments_dataset (id, dataset_id, user_id, role_id, decision, requested_by_id, requested_on, decided_by_id, decided_on, created_on, updated_on, deleted_at) VALUES ('5486da76-f1e9-42c4-a8f0-dbe8919f54ba', 'd63acbcd-4df3-448f-bbb1-ebd0d2432947', 'b72fca38-17ff-4259-a075-5aaa5973343c', '9a9d7deb-14d9-4257-a986-7900aa70ef8f', 'APPROVED', 'b72fca38-17ff-4259-a075-5aaa5973343c', '2025-10-28 18:08:09.733776', 'b72fca38-17ff-4259-a075-5aaa5973343c', '2025-10-28 18:08:09.738418', '2025-10-28 18:08:09.72973', '2025-10-28 18:08:09.73768', NULL);
    INSERT INTO public.role_assignments_dataset (id, dataset_id, user_id, role_id, decision, requested_by_id, requested_on, decided_by_id, decided_on, created_on, updated_on, deleted_at) VALUES ('1829f7f9-2f37-49e4-94dc-0cc79f4cce5e', 'b45839dc-6b58-4eae-9096-9d4eb99e41d4', 'b72fca38-17ff-4259-a075-5aaa5973343c', '9a9d7deb-14d9-4257-a986-7900aa70ef8f', 'APPROVED', 'b72fca38-17ff-4259-a075-5aaa5973343c', '2025-10-28 18:10:38.681347', 'b72fca38-17ff-4259-a075-5aaa5973343c', '2025-10-28 18:10:38.685994', '2025-10-28 18:10:38.677688', '2025-10-28 18:10:38.68523', NULL);
    INSERT INTO public.role_assignments_dataset (id, dataset_id, user_id, role_id, decision, requested_by_id, requested_on, decided_by_id, decided_on, created_on, updated_on, deleted_at) VALUES ('1610889b-78b0-432e-be70-1e6fa1257bf8', '34674f53-e20e-4ed2-8f8c-2648b3244c5e', 'b72fca38-17ff-4259-a075-5aaa5973343c', '9a9d7deb-14d9-4257-a986-7900aa70ef8f', 'APPROVED', 'b72fca38-17ff-4259-a075-5aaa5973343c', '2025-10-28 18:13:20.77929', 'b72fca38-17ff-4259-a075-5aaa5973343c', '2025-10-28 18:13:20.784622', '2025-10-28 18:13:20.775867', '2025-10-28 18:13:20.783646', NULL);
    INSERT INTO public.role_assignments_dataset (id, dataset_id, user_id, role_id, decision, requested_by_id, requested_on, decided_by_id, decided_on, created_on, updated_on, deleted_at) VALUES ('8b60d327-0d42-4766-8a9b-e9b466661cb3', '6990dc28-fc94-49d4-b01b-17e7e5c55e5b', 'b72fca38-17ff-4259-a075-5aaa5973343c', '9a9d7deb-14d9-4257-a986-7900aa70ef8f', 'APPROVED', 'b72fca38-17ff-4259-a075-5aaa5973343c', '2025-10-28 18:15:47.658073', 'b72fca38-17ff-4259-a075-5aaa5973343c', '2025-10-28 18:15:47.664409', '2025-10-28 18:15:47.654638', '2025-10-28 18:15:47.66352', NULL);
    INSERT INTO public.role_assignments_dataset (id, dataset_id, user_id, role_id, decision, requested_by_id, requested_on, decided_by_id, decided_on, created_on, updated_on, deleted_at) VALUES ('4091e7c0-6ff3-4149-8639-30e0993437ff', '3d2fe240-1505-4de6-8302-771d7d157992', 'b72fca38-17ff-4259-a075-5aaa5973343c', '9a9d7deb-14d9-4257-a986-7900aa70ef8f', 'APPROVED', 'b72fca38-17ff-4259-a075-5aaa5973343c', '2025-10-28 18:18:37.487513', 'b72fca38-17ff-4259-a075-5aaa5973343c', '2025-10-28 18:18:37.49202', '2025-10-28 18:18:37.483291', '2025-10-28 18:18:37.491241', NULL);
    INSERT INTO public.role_assignments_dataset (id, dataset_id, user_id, role_id, decision, requested_by_id, requested_on, decided_by_id, decided_on, created_on, updated_on, deleted_at) VALUES ('4765a3ac-41b3-447a-8cae-0aad44e0a861', 'b8777d07-e042-445e-8965-89f71ddc76f5', 'b72fca38-17ff-4259-a075-5aaa5973343c', '9a9d7deb-14d9-4257-a986-7900aa70ef8f', 'APPROVED', 'b72fca38-17ff-4259-a075-5aaa5973343c', '2025-10-28 18:20:47.906708', 'b72fca38-17ff-4259-a075-5aaa5973343c', '2025-10-28 18:20:47.911939', '2025-10-28 18:20:47.903226', '2025-10-28 18:20:47.911131', NULL);
    INSERT INTO public.role_assignments_dataset (id, dataset_id, user_id, role_id, decision, requested_by_id, requested_on, decided_by_id, decided_on, created_on, updated_on, deleted_at) VALUES ('c4c38b4e-d807-4761-988d-2a2ad39c19cb', '2f645d36-ca49-45d9-97ad-28a5504e86bf', 'b72fca38-17ff-4259-a075-5aaa5973343c', '9a9d7deb-14d9-4257-a986-7900aa70ef8f', 'APPROVED', 'b72fca38-17ff-4259-a075-5aaa5973343c', '2025-10-28 18:32:27.702949', 'b72fca38-17ff-4259-a075-5aaa5973343c', '2025-10-28 18:32:27.707971', '2025-10-28 18:32:27.698395', '2025-10-28 18:32:27.707136', NULL);
    INSERT INTO public.role_assignments_dataset (id, dataset_id, user_id, role_id, decision, requested_by_id, requested_on, decided_by_id, decided_on, created_on, updated_on, deleted_at) VALUES ('3515c47a-00e6-4d24-8710-8ef6753430e7', 'd10fe76b-d39d-4028-909c-aea3fd8a1405', 'b72fca38-17ff-4259-a075-5aaa5973343c', '9a9d7deb-14d9-4257-a986-7900aa70ef8f', 'APPROVED', 'b72fca38-17ff-4259-a075-5aaa5973343c', '2025-10-28 18:37:19.964192', 'b72fca38-17ff-4259-a075-5aaa5973343c', '2025-10-28 18:37:19.968735', '2025-10-28 18:37:19.95961', '2025-10-28 18:37:19.967996', NULL);

    -- INSERT ROLE ASSIGNMENTS FOR GLOBAL ROLES
    INSERT INTO public.role_assignments_global (id, user_id, role_id, decision, requested_on, decided_on, decided_by_id)
    VALUES
        ('f2d1fc47-3afa-49be-b652-fa6de00bea6b', john_id, admin_role_id, 'APPROVED', timezone('utc'::text, CURRENT_TIMESTAMP), timezone('utc'::text, CURRENT_TIMESTAMP), john_id),
        ('b8288793-ae92-4808-9927-d3da20d1321b', jane_id, admin_role_id, 'APPROVED', timezone('utc'::text, CURRENT_TIMESTAMP), timezone('utc'::text, CURRENT_TIMESTAMP), john_id);
    -- INSERT TAGS
    INSERT INTO public.tags (id, value, created_on, updated_on, deleted_at) VALUES ('6578f7bd-aebe-433e-8732-999d36d34af6', 'PII', '2025-10-28 16:32:14.563446', NULL, NULL);
    INSERT INTO public.tags (id, value, created_on, updated_on, deleted_at) VALUES ('be182db6-5268-466c-ae48-e5d6899c6d05', 'Sensitive', '2025-10-28 16:32:27.884892', NULL, NULL);

    -- INSERT TAGS data outputs
    INSERT INTO public.tags_data_outputs (data_output_id, tag_id, created_on, updated_on) VALUES ('c006b4a3-6840-4aa9-966d-21acc8d18366', '6578f7bd-aebe-433e-8732-999d36d34af6', '2025-10-28 17:56:57.829806', NULL);
    INSERT INTO public.tags_data_outputs (data_output_id, tag_id, created_on, updated_on) VALUES ('d1092134-aac6-4501-88ba-464a9f0cedc8', 'be182db6-5268-466c-ae48-e5d6899c6d05', '2025-10-28 18:09:39.615998', NULL);
    INSERT INTO public.tags_data_outputs (data_output_id, tag_id, created_on, updated_on) VALUES ('1e9030f0-6e6e-485e-8bd9-0ff76bfc371f', '6578f7bd-aebe-433e-8732-999d36d34af6', '2025-10-28 18:10:04.633488', NULL);
    INSERT INTO public.tags_data_outputs (data_output_id, tag_id, created_on, updated_on) VALUES ('dcf5270d-562b-4cd1-a0a3-c0835003698b', 'be182db6-5268-466c-ae48-e5d6899c6d05', '2025-10-28 18:15:10.920954', NULL);
    INSERT INTO public.tags_data_outputs (data_output_id, tag_id, created_on, updated_on) VALUES ('a686ff78-3039-4006-9dd1-e8d5cf293ec7', 'be182db6-5268-466c-ae48-e5d6899c6d05', '2025-10-28 18:17:20.241114', NULL);


    -- Insert tags data products

    INSERT INTO public.tags_data_products (data_product_id, tag_id, created_on, updated_on) VALUES ('68b28e38-3faa-45ca-9d00-3830d0a7b108', 'be182db6-5268-466c-ae48-e5d6899c6d05', '2025-10-28 18:14:07.371512', NULL);
    INSERT INTO public.tags_data_products (data_product_id, tag_id, created_on, updated_on) VALUES ('97af957a-70c4-465d-95f2-f70c11af8da0', 'be182db6-5268-466c-ae48-e5d6899c6d05', '2025-10-28 18:16:50.70893', NULL);


    -- Insert tags datasets

    INSERT INTO public.tags_datasets (dataset_id, tag_id, created_on, updated_on) VALUES ('b45839dc-6b58-4eae-9096-9d4eb99e41d4', '6578f7bd-aebe-433e-8732-999d36d34af6', '2025-10-28 18:10:38.66717', NULL);
    INSERT INTO public.tags_datasets (dataset_id, tag_id, created_on, updated_on) VALUES ('6990dc28-fc94-49d4-b01b-17e7e5c55e5b', 'be182db6-5268-466c-ae48-e5d6899c6d05', '2025-10-28 18:15:47.64611', NULL);
    INSERT INTO public.tags_datasets (dataset_id, tag_id, created_on, updated_on) VALUES ('3d2fe240-1505-4de6-8302-771d7d157992', 'be182db6-5268-466c-ae48-e5d6899c6d05', '2025-10-28 18:18:37.476131', NULL);
    INSERT INTO public.tags_datasets (dataset_id, tag_id, created_on, updated_on) VALUES ('2f645d36-ca49-45d9-97ad-28a5504e86bf', '6578f7bd-aebe-433e-8732-999d36d34af6', '2025-10-28 18:32:27.687291', NULL);


    -- ------------------------------------------------------------------------------------------------
    -- START of Insert dynamic dataset query stats
    -- ------------------------------------------------------------------------------------------------

    -- 1. Histology Clinical dataset query stats (adding 7 to test the other category aggregation)

    -- Single-query daily consumer over the last six months
    INSERT INTO public.dataset_query_stats_daily (date, dataset_id, consumer_data_product_id, query_count)
    SELECT gs::date, histology_clinical_dataset_id, prediction_model_id, 1
    FROM generate_series((CURRENT_DATE - INTERVAL '6 months')::date, CURRENT_DATE - 1, INTERVAL '1 day') AS gs;

    -- Ten weekday queries for the last four months
    INSERT INTO public.dataset_query_stats_daily (date, dataset_id, consumer_data_product_id, query_count)
    SELECT gs::date, histology_clinical_dataset_id, rnd_program_pipeline_id, 10
    FROM generate_series((CURRENT_DATE - INTERVAL '4 months')::date, CURRENT_DATE - 1, INTERVAL '1 day') AS gs
    WHERE EXTRACT(ISODOW FROM gs) BETWEEN 1 AND 5;

    -- Weekly Monday pings for Biomarker Discovery (consumer #3)
    INSERT INTO public.dataset_query_stats_daily (date, dataset_id, consumer_data_product_id, query_count)
    SELECT gs::date, histology_clinical_dataset_id, '81815c4c-f323-4cf1-b25b-f43f231f510f', 3
    FROM generate_series((CURRENT_DATE - INTERVAL '5 months')::date, CURRENT_DATE - 1, INTERVAL '1 day') AS gs
    WHERE EXTRACT(ISODOW FROM gs) = 1;

    -- Mid-week bursts for Clinical Trial Performance (consumer #4)
    INSERT INTO public.dataset_query_stats_daily (date, dataset_id, consumer_data_product_id, query_count)
    SELECT gs::date, histology_clinical_dataset_id, '6e580d91-14ea-495e-a6d7-5db236a5c1d5', 8
    FROM generate_series((CURRENT_DATE - INTERVAL '4 months')::date, CURRENT_DATE - 1, INTERVAL '1 day') AS gs
    WHERE EXTRACT(ISODOW FROM gs) = 3;

    -- Structured cadence (5th, 15th, 25th) for Clinical Data Quality Monitor (consumer #5)
    INSERT INTO public.dataset_query_stats_daily (date, dataset_id, consumer_data_product_id, query_count)
    SELECT
        (date_trunc('month', CURRENT_DATE) - make_interval(months => month_idx) + make_interval(days => day_idx))::date,
        histology_clinical_dataset_id,
        '9fa5e299-fcc4-45e0-b48d-cc3deb68eefe',
        4
    FROM generate_series(0, 4) AS gs_month(month_idx)
    CROSS JOIN LATERAL unnest(ARRAY[5, 15, 25]) AS day_in_month(day_idx);

    -- First-of-month spikes for Regulatory Submission Tracker (consumer #6)
    INSERT INTO public.dataset_query_stats_daily (date, dataset_id, consumer_data_product_id, query_count)
    SELECT
        (date_trunc('month', CURRENT_DATE) - make_interval(months => month_idx))::date,
        histology_clinical_dataset_id,
        'fbcd7899-2763-4659-bd28-2a278910ef85',
        18
    FROM generate_series(0, 5) AS month_span(month_idx);

    -- Weekend monitoring for Safety Signal Detection (consumer #7)
    INSERT INTO public.dataset_query_stats_daily (date, dataset_id, consumer_data_product_id, query_count)
    SELECT gs::date, histology_clinical_dataset_id, '08039e5d-50a7-447a-b691-f5dc6b420dea', 6
    FROM generate_series((CURRENT_DATE - INTERVAL '3 months')::date, CURRENT_DATE - 1, INTERVAL '1 day') AS gs
    WHERE EXTRACT(ISODOW FROM gs) IN (6, 7);

    -- 2. Histology R&D dataset query stats
    FOR month_offset IN 0..4 LOOP
        INSERT INTO public.dataset_query_stats_daily (date, dataset_id, consumer_data_product_id, query_count)
        VALUES (
            (date_trunc('month', CURRENT_DATE) - make_interval(months => month_offset) + INTERVAL '5 days')::date,
            histology_rnd_dataset_id,
            rnd_program_pipeline_id,
            5
        );
    END LOOP;

    FOR month_offset IN 0..1 LOOP
        FOR day_offset IN SELECT unnest(ARRAY[3, 12, 21]) LOOP
            INSERT INTO public.dataset_query_stats_daily (date, dataset_id, consumer_data_product_id, query_count)
            VALUES (
                (date_trunc('month', CURRENT_DATE) - make_interval(months => month_offset) + make_interval(days => day_offset))::date,
                histology_rnd_dataset_id,
                ai_model_histology_images_id,
                15
            );
        END LOOP;
    END LOOP;

    INSERT INTO public.dataset_query_stats_daily (date, dataset_id, consumer_data_product_id, query_count) VALUES
        ((CURRENT_DATE - INTERVAL '34 days')::date, histology_rnd_dataset_id, rnd_program_pipeline_id, 5),
        ((CURRENT_DATE - INTERVAL '10 days')::date, histology_rnd_dataset_id, rnd_program_pipeline_id, 15),
        ((CURRENT_DATE - INTERVAL '4 days')::date, histology_rnd_dataset_id, rnd_program_pipeline_id, 20),
        ((CURRENT_DATE - INTERVAL '10 days')::date, histology_rnd_dataset_id, ai_model_histology_images_id, 20),
        ((CURRENT_DATE - INTERVAL '4 days')::date, histology_rnd_dataset_id, ai_model_histology_images_id, 10);
    -- ------------------------------------------------------------------------------------------------
    -- END of Insert dynamic dataset query stats
    -- ------------------------------------------------------------------------------------------------


end $$;
